Title,Author,Average Rating,Publisher,Number of Pages,Year Published,Date Added,Exclusive Shelf
Einstein: His Life and Universe,Walter Isaacson,4.11,Simon  Schuster,675,2007,9/29/19,to-read
Steve Jobs,Walter Isaacson,4.12,Simon & Schuster,627,2011,9/29/19,to-read
Uncle Tungsten,Oliver Sacks,3.97,Picador,337,2002,9/21/19,to-read
Midnight in Chernobyl: The Untold Story of the World's Greatest Nuclear Disaster,Adam Higginbotham,4.44,Simon & Schuster,538,2019,8/16/19,to-read
Homer's Odyssey,Gwen Cooper,4.19,Delacorte Press,287,2009,8/8/19,to-read
The River of Consciousness,Oliver Sacks,3.91,Knopf Publishing Group,256,2017,3/12/18,currently-reading
A Gentleman in Moscow,Amor Towles,4.36,Penguin Books,496,2019,4/17/19,read
"The Push: A Climber's Journey of Endurance, Risk, and Going Beyond Limits",Tommy Caldwell,4.47,Viking,341,2017,7/15/19,to-read
Sapiens: A Brief History of Humankind,Yuval Noah Harari,4.45,Harvill Secker,498,2014,7/8/19,to-read
Outliers: The Story of Success,Malcolm Gladwell,4.14,"Little, Brown and Company",309,2008,2/24/16,read
Crisis of Conscience,Raymond Franz,4.4,Commentary Press,446,2002,6/15/19,to-read
The Elements of User Experience: User-Centered Design for the Web (Voices (New Riders),Jesse James Garrett,3.97,New Riders,208,2002,6/3/19,to-read
First They Killed My Father: A Daughter of Cambodia Remembers,Loung Ung,4.34,Harper Perennial,238,2006,6/2/19,read
"How to Change Your Mind: What the New Science of Psychedelics Teaches Us About Consciousness, Dying, Addiction, Depression, and Transcendence",Michael Pollan,4.28,Allen Lane,480,2018,11/10/18,read
The Boys in the Boat: Nine Americans and Their Epic Quest for Gold at the 1936 Berlin Olympics,Daniel James Brown,4.35,Viking,416,2013,3/4/19,read
"Unbroken: A World War II Story of Survival, Resilience and Redemption",Laura Hillenbrand,4.38,Random House,473,2010,4/27/19,to-read
Flour Water Salt Yeast: The Fundamentals of Artisan Bread and Pizza,Ken Forkish,4.48,Ten Speed Press,272,2012,4/25/19,to-read
Baking at République: Masterful Techniques and Recipes,Margarita Manzke,4,Lorena Jones Books,266,2019,4/25/19,to-read
Endurance: Shackleton's Incredible Voyage,Alfred Lansing,4.39,Carroll & Graf Publishers,282,1959,3/19/19,read
Wonders of the Universe,Brian Cox,4.31,Collins,256,2011,5/8/17,to-read
Small Country,Gaël Faye,4.24,Hogarth Press,183,2018,3/18/19,to-read
Born a Crime: Stories From a South African Childhood,Trevor Noah,4.46,Doubleday Canada,304,2016,3/4/19,to-read
Why We Sleep: Unlocking the Power of Sleep and Dreams,Matthew Walker,4.47,Scribner,368,2017,2/21/19,to-read
Educated,Tara Westover,4.48,Random House,334,2018,12/5/18,read
Grandma Gatewood's Walk: The Inspiring Story of the Woman Who Saved the Appalachian Trail,Ben Montgomery,4.11,Chicago Review Press,288,2014,2/6/19,to-read
Travelling to Infinity,Jane Hawking,3.64,Alma Books,487,2015,1/6/19,to-read
Papillon,Henri Charrière,4.24,William Morrow Paperbacks,544,2006,12/30/18,to-read
The Annotated Wind in the Willows,Kenneth Grahame,3.99,W. W. Norton & Company,468,2009,12/13/17,read
The Tattooist of Auschwitz,Heather   Morris,4.27,Bonnier Publishing Australia,277,2018,12/9/18,to-read
We Survived: Fourteen Histories Of The Hidden And Hunted In Nazi Germany,Eric H. Boehm,4.26,Basic Books,360,2003,12/9/18,to-read
Army of None: Autonomous Weapons and the Future of War,Paul Scharre,3.83,W. W. Norton  Company,448,2018,12/5/18,to-read
Step By Step,Simon Reeve,4.4,Hodder & Stoughton Ltd,352,2018,8/1/18,read
In the Spirit of Crazy Horse: The Story of Leonard Peltier and the FBI's War on the American Indian Movement,Peter Matthiessen,4.23,Penguin Books,688,1992,10/29/18,to-read
Son of the Morning Star: General Custer and the Battle of the Little Bighorn,Evan S. Connell,4.13,Pimlico,448,2005,10/29/18,to-read
A Movable Feast,Ernest Hemingway,4.04,,256,,10/29/18,to-read
The Bread Baker's Apprentice: Mastering the Art of Extraordinary Bread,Peter Reinhart,4.27,Ten Speed Press,320,2001,10/28/18,to-read
Schindler's List,Thomas Keneally,4.35,Sceptre,429,1994,10/22/18,to-read
Factfulness: Ten Reasons We're Wrong About the World – and Why Things Are Better Than You Think,Hans Rosling,4.36,Sceptre,342,2018,5/14/18,read
Views of the Cordilleras and Monuments of the Indigenous Peoples of the Americas: A Critical Edition,Alexander von Humboldt,5,University of Chicago Press,664,2013,10/1/18,to-read
The Invention of Nature: Alexander von Humboldt's New World,Andrea Wulf,4.33,Knopf,473,2015,10/1/18,to-read
Sourdough School,Vanessa Kimbell,4.26,Kyle Cathie,320,2017,9/20/18,to-read
The Art of Fermentation: An in-Depth Exploration of Essential Concepts and Processes from Around the World,Sandor Ellix Katz,4.42,Chelsea Green Publishing,528,2012,9/20/18,to-read
The Lost Valley,Hannes Taugwalder,4.25,,,,9/6/18,read
The Endurance: Shackleton's Legendary Antarctic Expedition,Caroline Alexander,4.32,Knopf,224,1998,8/15/18,to-read
"Call the Midwife Boxed Set: Call the Midwife, Shadows of the Workhouse, Farewell to the East End",Jennifer Worth,4.42,Orion Publishing Group,800,2012,8/3/18,to-read
A Tree Grows in Brooklyn,Betty  Smith,4.26,HarperCollins Publishers,496,2006,8/3/18,to-read
Kitchen Confidential: Adventures in the Culinary Underbelly,Anthony Bourdain,4.07,Ecco/Harper Perennial,312,2007,8/3/18,to-read
Awakening East,Johanna Garton,4.26,Marcinson Press,372,2015,3/5/18,read
Walking the Nile,Levison Wood,4.11,Simon & Schuster UK,320,2015,7/22/18,to-read
The Oregon Trail: A New American Journey,Rinker Buck,3.81,Simon  Schuster,451,2015,7/22/18,to-read
The Man Who Knew Infinity: A Life of the Genius Ramanujan,Robert Kanigel,4.16,Abacus,438,1992,7/12/18,to-read
So You Want to Talk About Race,Ijeoma Oluo,4.52,Seal Press,248,2018,6/4/18,to-read
Hidden Figures,Margot Lee Shetterly,3.96,William Morrow Paperbacks,368,2016,6/4/18,to-read
Everything Under the Heavens: How the Past Helps Shape China’s Push for Global Power,Howard W. French,3.98,Scribe UK,352,2017,6/4/18,to-read
"Mountain Madness: Scott Fischer, Mount Everest & a Life Lived on High",Robert Birkby,4,Citadel Press,342,2008,2/3/18,read
Growing a Farmer: How I Learned to Live Off the Land,Kurt Timmermeister,3.68,W. W. Norton  Company,335,2011,5/15/18,to-read
Hiking Washington's Fire Lookouts,Amber Casali,4.33,Mountaineers Books,208,2018,5/15/18,to-read
Zero Waste Home: The Ultimate Guide to Simplifying Your Life by Reducing Your Waste,Bea Johnson,3.82,Scribner,304,2013,5/14/18,to-read
"Mémoires de la Grande Guerre, Tome 2 - 1915-1918",Winston S. Churchill,4.44,TALLANDIER,672,2014,2/24/16,to-read
A Walk in the Woods: Rediscovering America on the Appalachian Trail,Bill Bryson,4.06,Anchor Books,397,2006,4/30/18,to-read
Keeper of the Mountains: The Elizabeth Hawley Story,Bernadette McDonald,3.51,RMB | Rocky Mountain Books,256,2012,4/29/18,to-read
Reinhold Messner: My Life at the Limit,Reinhold Messner,3.8,Mountaineers Books,251,2014,4/29/18,to-read
"Himalayan Quest: Ed Viesturs on the 8,000-Meter Giants",Ed Viesturs,4.08,National Geographic,176,2003,4/29/18,to-read
"All Fourteen 8,000ers",Reinhold Messner,4.12,Mountaineers Books,248,1999,4/29/18,to-read
The Climb: Tragic Ambitions on Everest,Anatoli Boukreev,3.93,St. Martin's Paperbacks,297,1998,4/29/18,to-read
Junji Ito's Cat Diary: Yon & Mu,Junji Ito,4.13,Kodansha Comics,120,2015,4/13/18,read
How to Write a Book Proposal: The Insider's Step-by-Step Guide to Proposals that Get You Published,Jody Rein,4.3,Writer's Digest Books,338,2017,2/18/18,read
12 Rules for Life: An Antidote to Chaos,Jordan B. Peterson,3.96,Random House Canada,409,2018,4/7/18,to-read
Maps of Meaning: The Architecture of Belief,Jordan B. Peterson,4.11,Routledge,564,1999,4/7/18,to-read
Buried in the Sky: The Extraordinary Story of the Sherpa Climbers on K2's Deadliest Day,Peter Zuckerman,4.16,W. W. Norton  Company,286,2012,4/6/18,to-read
The Bond,Simon McCartney,4.61,Mountaineers Books,,2016,4/6/18,to-read
The Rape of Nanking,Iris Chang,4.12,Penguin Books,290,1998,3/16/18,to-read
Lion,Saroo Brierley,4.12,Penguin Random House India,288,,3/16/18,to-read
The Guest Cat,Takashi Hiraide,3.52,New Directions,140,2014,3/12/18,to-read
Being Mortal: Medicine and What Matters in the End,Atul Gawande,4.45,Metropolitan Books,282,2014,3/12/18,to-read
"Alice Waters and Chez Panisse: The Romantic, Impractical, Often Eccentric, Ultimately Brilliant Making of a Food Revolution",Thomas McNamee,3.86,"Penguin Press HC, The",400,2007,1/22/18,read
"Animal, Vegetable, Miracle: A Year of Food Life",Barbara Kingsolver,4.04,HarperCollins Publishers,370,2007,1/30/18,to-read
No Shortcuts to the Top: Climbing the World's 14 Highest Peaks,Ed Viesturs,4.08,Broadway Books,368,2006,1/30/18,to-read
Leaving Microsoft to Change the World: An Entrepreneur's Odyssey to Educate the World's Children,John Wood,4.08,HarperBusiness,272,2006,1/25/18,to-read
Into Thin Air: A Personal Account of the Mount Everest Disaster,Jon Krakauer,4.16,Anchor Books,368,1999,4/4/17,read
Honeymoon with My Brother,Franz Wisner,3.5,St. Martin's Press,274,2005,1/12/18,to-read
The Wright Brothers,David McCullough,4.14,Simon  Schuster,320,2015,1/10/18,to-read
Beatrix Potter: A Life in Nature,Linda Lear,4.03,St. Martin's Press,584,2007,1/10/18,read
Gratitude,Oliver Sacks,4.15,Knopf Canada,64,2015,9/8/17,read
My Life in France,Julia Child,4.17,Knopf Publishing Group,336,2006,9/8/17,read
"Mud, Sweat and Tears",Bear Grylls,4.15,Transworld Publishers Ltd,352,2011,2/24/16,read
"Rowing the Northwest Passage: Adventure, Fear, and Awe in a Rising Sea",Kevin Vallely,3.71,Greystone Books,224,2017,12/20/17,read
Patch Adams,Patch Adams,3.99,Bentang Pustaka,310,2008,6/15/17,to-read
The Radium Girls: The Dark Story of America's Shining Women,Kate  Moore,4.16,Sourcebooks,479,2017,12/5/17,to-read
Astrophysics for People in a Hurry,Neil deGrasse Tyson,4.1,W. W. Norton  Company,224,2017,12/5/17,to-read
The Miracles of Exodus: A Scientist's Discovery of the Extraordinary Natural Causes of the Biblical Stories,Colin J. Humphreys,3.9,HarperOne,368,2004,11/20/17,to-read
Apollo 8: The Thrilling Story of the First Mission to the Moon,Jeffrey Kluger,4.41,Henry Holt and Co.,320,2017,11/16/17,to-read
Gates of Fire: An Epic Novel of the Battle of Thermopylae,Steven Pressfield,4.41,Bantam,392,2005,11/16/17,to-read
"Do Androids Dream of Electric Sheep? (Blade Runner, #1)",Philip K. Dick,4.08,Del Rey / Ballantine Books,244,1996,10/16/17,to-read
The Elephant Whisperer,Lawrence Anthony,4.46,Sidgwick & Jackson Ltd,368,2009,7/13/17,to-read
The Singapore Story: Memoirs of Lee Kuan Yew,Lee Kuan Yew,4.24,Pearson Ed Asia,680,1998,6/14/17,to-read
The Unsettling of America: Culture and Agriculture,Wendell Berry,4.37,Counterpoint,246,2004,3/23/16,to-read
Wonders of Life: Exploring the Most Extraordinary Phenomenon in the Universe,Brian Cox,4.43,Harper Design,288,2013,5/8/17,to-read
Wonders of the Solar System,Brian Cox,4.38,Collins,256,2010,5/8/17,to-read
Kon-Tiki,Thor Heyerdahl,4.12,Rand McNally,240,1990,4/4/17,to-read
Plot 29: A Memoir,Allan Jenkins,4.04,Fourth Estate,352,2017,4/1/17,to-read
The Wealthy Barber Returns,David Chilton,3.86,Financial Awareness Corporation,224,2011,3/18/17,to-read
"The Pillars of the Earth (Kingsbridge, #1)",Ken Follett,4.31,NAL Trade,976,2002,3/16/17,to-read
"Letters to a Young Farmer: On Food, Farming, and Our Future",Martha Hodgkins,4.21,Princeton Architectural Press,176,2017,3/9/17,to-read
Ali in Wonderland: And Other Tall Tales,Ali Wentworth,3.45,Harper,272,2012,3/1/17,read
Human Universe,Brian Cox,4.3,William Collins,288,2014,2/6/17,to-read
On the Move: A Life,Oliver Sacks,4.06,Knopf,397,2015,2/24/16,read
The Horrors and Absurdities of Religion,Arthur Schopenhauer,3.88,Penguin Classics,106,2009,1/29/17,to-read
The Gulag Archipelago 1918–1956 (Abridged),Aleksandr I. Solzhenitsyn,4.23,HarperCollins,472,2002,1/29/17,to-read
Wild Swans: Three Daughters of China,Jung Chang,4.25,Simon  Schuster,562,2003,2/24/16,read
"No Place to Hide: Edward Snowden, the NSA, and the U.S. Surveillance State",Glenn Greenwald,4.08,Metropolitan Books/Henry Holt (NY),260,2014,1/8/17,to-read
What Do You Want to Do Before You Die?,The Buried Life,4.05,Artisan,224,2012,1/4/17,read
What Do You Care What Other People Think?,Richard P. Feynman,4.27,W.W. Norton & Company,256,2001,3/15/16,read
The Pursuit of Happyness,Chris Gardner,4.19,Amistad,320,2006,3/6/16,read
"Surely You're Joking, Mr. Feynman!: Adventures of a Curious Character",Richard P. Feynman,4.27,W. W. Norton & Company,391,1997,3/15/16,read
My Life as an Explorer,Roald Amundsen,3.69,Amberley Publishing,160,2008,11/30/16,read
The Omnivore's Dilemma: A Natural History of Four Meals,Michael Pollan,4.18,The Penguin Press,450,2006,3/10/16,read
In Defense of Food: An Eater's Manifesto,Michael Pollan,4.08,Penguin Press,205,2008,12/14/16,read
Escape from Camp 14: One Man's Remarkable Odyssey from North Korea to Freedom in the West,Blaine Harden,4,Viking,205,2012,12/14/16,to-read
The Apprentice: My Life in the Kitchen,Jacques Pépin,4.18,Rux Martin/Houghton Mifflin Harcourt,352,2004,10/9/16,read
Incarnations: A History of India in Fifty Lives,Sunil Khilnani,4.06,"Farrar, Straus and Giroux",464,2016,11/30/16,to-read
The Royal Cookery Book (Le livre de cuisine),Jules Gouffe,0,Adamant Media Corporation,618,2001,6/19/16,to-read
Fast Food Nation: The Dark Side of the All-American Meal,Eric Schlosser,3.74,Harper Perennial,399,2005,4/25/16,to-read
La Trilogie des Fourmis,Bernard Werber,4.22,Livre de Poche,1398,2004,4/20/16,to-read
A Short History of Nearly Everything,Bill Bryson,4.2,Broadway Books,544,2004,3/13/16,to-read
The Third Plate: Field Notes on the Future of Food,Dan Barber,4.25,Penguin Press,496,2014,3/10/16,read
Catching Fire: How Cooking Made Us Human,Richard W. Wrangham,3.86,Basic Books,309,2009,3/27/16,to-read
Pure Food: Securing the Federal Food and Drugs Act of 1906,James Harvey Young,3.5,Princeton University Press,326,1989,3/26/16,to-read
An Apple a Day,Joe Schwarcz,3.56,HarperCollins,384,2007,3/26/16,to-read
Agricultural Testament,Albert Howard,4.05,Rodale Pr,0,1973,3/26/16,to-read
The Battle for God: A History of Fundamentalism,Karen Armstrong,3.93,Ballantine Books,480,2001,3/23/16,to-read
An Atheist History of Religion,Thomas Dugan,0,Outskirts Press,202,2014,3/23/16,to-read
Battling the Gods: Atheism in the Ancient World,Tim Whitmarsh,3.78,Knopf,304,2015,3/23/16,to-read
Cooked: A Natural History of Transformation,Michael Pollan,4.02,The Penguin Press HC,468,2013,2/24/16,read
Catch Me If You Can: The True Story of a Real Fake,Frank W. Abagnale,4.07,Mainstream Publishing,224,2003,3/6/16,read
Modernist Cuisine at Home,Nathan Myhrvold,4.51,Cooking Lab,456,2012,2/27/16,to-read
1984,George Orwell,4.17,New American Library,328,1950,2/26/16,to-read
Mémoires de guerre Tome 2 1941-1945 (Texto),Winston S. Churchill,4.44,Tallandier,966,2015,2/24/16,to-read
Mémoires de guerre Tome 1 1919-1941 (Texto),Winston S. Churchill,4.22,Tallandier,688,2015,2/24/16,to-read
Mémoires de la Grande Guerre: 1911-1915,Winston S. Churchill,4.67,Tallandier,614,2014,2/24/16,to-read
The Food Lab: Better Home Cooking Through Science,J. Kenji López-Alt,4.5,W. W. Norton  Company,960,2015,2/24/16,to-read
The Professional Chef,Culinary Institute of America,4.26,John Wiley & Sons,1036,2001,2/24/16,to-read
New Larousse Gastronomique,Hamlyn Publishing Group,4.59,Hamlyn (UK),1216,2009,2/24/16,to-read
Nothing to Envy: Ordinary Lives in North Korea,Barbara Demick,4.43,Spiegel & Grau,316,2009,2/24/16,read
Life of Pi,Yann Martel,3.9,Seal Books,460,2006,2/24/16,read
"The Three Musketeers (The D'Artagnan Romances, #1)",Alexandre Dumas,4.07,Modern Library,625,2001,2/24/16,read
The Count of Monte Cristo,Alexandre Dumas,4.24,Penguin Classics,1276,2003,2/24/16,read
Desert Flower,Waris Dirie,4.14,William Morrow Paperbacks,240,2011,2/24/16,read
A Long Way Gone: Memoirs of a Boy Soldier,Ishmael Beah,4.15,Sarah Crichton Books,229,2007,2/24/16,read
Wild: From Lost to Found on the Pacific Crest Trail,Cheryl Strayed,3.99,Knopf,315,2012,2/24/16,read
Steve & Me,Terri Irwin,4.3,Simon Spotlight Entertainment,273,2007,2/24/16,read
Tracks: A Woman's Solo Trek Across 1700 Miles of Australian Outback,Robyn Davidson,3.93,Vintage,288,1995,2/24/16,read
Pink Boots and a Machete: My Journey from NFL Cheerleader to National Geographic Explorer,Mireya Mayor,3.71,National Geographic Society,301,2011,2/24/16,read
Tropic of Capricorn,Simon Reeve,3.95,BBC Books,376,2008,2/24/16,read
"Better Than Before: What I Learned About Making and Breaking Habits - to Sleep More, Quit Sugar, Procrastinate Less, and Generally Build a Happier Life",Gretchen Rubin,3.84,Hodder & Stoughton General Division,304,2016,7/30/19,to-read
"The Four Tendencies: The Indispensable Personality Profiles That Reveal How to Make Your Life Better (and Other People's Lives Better, Too)",Gretchen Rubin,3.85,Books on Tape,7,2017,7/30/19,to-read
How to Be Everything: A Guide for Those Who (Still) Don't Know What They Want to Be When They Grow Up,Emilie Wapnick,3.87,HarperOne,240,2017,7/30/19,to-read
Born for This: How to Find the Work You Were Meant to Do,Chris Guillebeau,3.61,Crown Business,320,2016,7/30/19,to-read
"The $100 Startup: Reinvent the Way You Make a Living, Do What You Love, and Create a New Future",Chris Guillebeau,3.83,Crown Business,268,2012,7/30/19,to-read
Side Hustle: From Idea to Income in 27 Days,Chris Guillebeau,3.77,Currency,272,2017,7/30/19,to-read
"The Once and Future King (The Once and Future King, #1-4)",T.H. White,4.08,Ace,639,1987,7/11/19,to-read
1Q84,Haruki Murakami,3.92,Knopf,925,2011,7/11/19,to-read
Kafka on the Shore,Haruki Murakami,4.13,Vintage International,467,2006,7/11/19,to-read
His Dark Materials (His Dark Materials #1-3),Philip Pullman,4.25,Laurel Leaf Library,1088,2003,7/11/19,to-read
The Martian Chronicles,Ray Bradbury,4.14,Bantam/Spectra,182,1984,7/11/19,to-read
Johnny Got His Gun,Dalton Trumbo,4.17,Citadel,309,2000,7/11/19,to-read
"The Foundation Trilogy (Foundation, #1-3)",Isaac Asimov,4.4,,679,1974,7/11/19,to-read
"Guns, Germs, and Steel: The Fates of Human Societies",Jared Diamond,4.02,W.W. Norton & Company,425,2005,7/11/19,to-read
"Good Omens: The Nice and Accurate Prophecies of Agnes Nutter, Witch",Terry Pratchett,4.25,William Morrow,491,2006,7/11/19,to-read
Cat's Cradle,Kurt Vonnegut,4.17,Penguin,306,1999,7/11/19,to-read
Speak,Laurie Halse Anderson,4.02,Puffin,202,2001,7/11/19,to-read
A Little Princess,Frances Hodgson Burnett,4.2,Penguin Books,242,2002,7/11/19,to-read
The World According to Garp,John Irving,4.08,Ballantine Books,610,1999,7/11/19,to-read
The Autobiography of Malcolm X,Malcolm X,4.31,Ballantine Books,466,,7/11/19,to-read
The Phantom Tollbooth,Norton Juster,4.21,Random House Bullseye Books,256,1996,7/11/19,to-read
Stranger in a Strange Land,Robert A. Heinlein,3.92,Ace,528,1991,7/11/19,to-read
The Glass Castle,Jeannette Walls,4.26,Scribner,288,2006,7/11/19,to-read
"The Shadow of the Wind (The Cemetery of Forgotten Books, #1)",Carlos Ruiz Zafón,4.26,Penguin Books,487,2005,7/11/19,to-read
The Divine Comedy,Dante Alighieri,4.07,Everyman's Library,798,1995,7/11/19,to-read
A Prayer for Owen Meany,John Irving,4.23,Black Swan,637,1990,7/11/19,to-read
The Bell Jar,Sylvia Plath,4,Harper Perennial Modern Classics,294,2006,7/11/19,to-read
Man's Search for Meaning,Viktor E. Frankl,4.36,Beacon Press,165,2006,7/11/19,to-read
"Watership Down (Watership Down, #1)",Richard  Adams,4.05,Avon Books,478,1975,7/11/19,to-read
East of Eden,John Steinbeck,4.37,Penguin Books,601,2002,7/11/19,to-read
Sense and Sensibility,Jane Austen,4.07,Penguin Books,409,2003,7/11/19,to-read
The Perks of Being a Wallflower,Stephen Chbosky,4.2,MTV Books/Pocket Books,213,1999,7/11/19,to-read
"I Know Why the Caged Bird Sings (Maya Angelou's Autobiography, #1)",Maya Angelou,4.22,Bantam Books,289,1993,7/11/19,to-read
All Quiet on the Western Front,Erich Maria Remarque,3.96,Ballantine,296,1987,7/11/19,to-read
A Tree Grows in Brooklyn,Betty  Smith,4.26,HarperCollins Publishers,496,2006,7/11/19,to-read
Siddhartha,Hermann Hesse,4.01,Bantam Books,152,1981,7/11/19,to-read
The Grapes of Wrath,John Steinbeck,3.96,Viking,479,2014,7/11/19,to-read
The Handmaid's Tale,Margaret Atwood,4.1,Anchor Books,344,1998,7/11/19,to-read
Frankenstein,Mary Wollstonecraft Shelley,3.79,Penguin Classics,288,2018,7/11/19,read
One Hundred Years of Solitude,Gabriel García Márquez,4.06,Harper,417,2003,7/11/19,to-read
Crime and Punishment,Fyodor Dostoyevsky,4.21,Penguin,671,2002,7/11/19,to-read
Brave New World / Brave New World Revisited,Aldous Huxley,4.16,Harper Perennial Modern Classics,340,2005,7/11/19,to-read
The Picture of Dorian Gray,Oscar Wilde,4.07,Random House: Modern Library,272,2004,7/11/19,to-read
Little Women,Louisa May Alcott,4.06,Signet Classics,449,2004,7/11/19,to-read
Animal Farm,George Orwell,3.92,NAL,122,2003,7/11/19,read
Jane Eyre,Charlotte Brontë,4.12,Penguin,532,2003,7/11/19,to-read
The Great Gatsby,F. Scott Fitzgerald,3.91,Scribner,180,2004,7/11/19,read
"To Kill a Mockingbird (To Kill a Mockingbird, #1)",Harper Lee,4.27,Harper Perennial Modern Classics,324,2006,7/11/19,read
The Obstacle Is the Way: The Timeless Art of Turning Trials into Triumph,Ryan Holiday,4.14,Portfolio,201,2014,7/11/19,to-read
Why We Sleep: Unlocking the Power of Sleep and Dreams,Matthew Walker,4.47,Scribner,368,2017,7/11/19,to-read
Atomic Habits: An Easy & Proven Way to Build Good Habits & Break Bad Ones,James Clear,4.32,Avery,319,2018,7/11/19,to-read
The Millionaire Next Door: The Surprising Secrets of America's Wealthy,Thomas J. Stanley,4.02,Gallery Books,258,1998,7/11/19,to-read
The Millionaire Mind,Thomas J. Stanley,4.18,Andrews McMeel Publishing,416,2001,7/11/19,to-read
Ego Is the Enemy,Ryan Holiday,4.14,Portfolio,226,2016,7/11/19,to-read
The Power of Habit: Why We Do What We Do in Life and Business,Charles Duhigg,4.08,Random House,375,2012,7/11/19,to-read
The War of Art: Break Through the Blocks & Win Your Inner Creative Battles,Steven Pressfield,4.01,Warner Books,168,2003,7/11/19,to-read
The Art of War,Sun Tzu,3.97,Shambhala,273,2005,7/11/19,to-read
"Delivering Happiness: A Path to Profits, Passion, and Purpose",Tony Hsieh,3.98,Grand Central Publishing,246,2010,7/11/19,to-read
The Mastery of Love: A Practical Guide to the Art of Relationship --Toltec Wisdom Book,Miguel Ruiz,4.27,Amber-Allen Publishing,240,2002,7/11/19,to-read
Originals: How Non-Conformists Move the World,Adam M. Grant,3.97,Viking,326,2016,7/11/19,to-read
Autobiography of a Yogi,Paramahansa Yogananda,4.23,Self-Realization Fellowship Publishers,448,1994,7/11/19,to-read
The 4-Hour Workweek,Timothy Ferriss,3.87,Harmony Books,308,2007,7/11/19,to-read
The Magic of Thinking Big,David J. Schwartz,4.23,Touchstone,320,1987,7/11/19,to-read
"Silver Borne (Mercy Thompson, #5)",Patricia Briggs,4.38,Ace Books,342,2010,2/22/17,read
"Moon Called (Mercy Thompson, #1)",Patricia Briggs,4.17,Ace Books,289,2006,2/22/17,read
"Bone Crossed (Mercy Thompson, #4)",Patricia Briggs,4.34,Ace,303,2009,2/22/17,read
"Iron Kissed (Mercy Thompson, #3)",Patricia Briggs,4.37,Ace Books,287,2008,2/22/17,read
"Blood Bound (Mercy Thompson, #2)",Patricia Briggs,4.31,Ace,292,2007,2/22/17,read
"River Marked (Mercy Thompson, #6)",Patricia Briggs,4.28,Orbit,326,2011,2/22/17,currently-reading
"The Autumn Republic (Powder Mage, #3)",Brian  McClellan,4.37,Orbit,580,2015,8/3/16,read
"The Crimson Campaign (Powder Mage, #2)",Brian  McClellan,4.36,Orbit,596,2014,8/1/16,read
"Promise of Blood (Powder Mage, #1)",Brian  McClellan,4.15,Orbit,545,2013,11/4/13,read
"Hounded (The Iron Druid Chronicles, #1)",Kevin Hearne,4.11,Del Rey,304,2011,4/17/14,to-read
"A Storm of Swords (A Song of Ice and Fire, #3)",George R.R. Martin,4.54,Bantam,1177,2003,8/9/15,to-read
"The Battle of the Labyrinth (Percy Jackson and the Olympians, #4)",Rick Riordan,4.39,Hyperion Books for Children,361,2008,10/4/14,to-read
"Allegiant (Divergent, #3)",Veronica Roth,3.63,Katherine Tegen Books,526,2013,12/20/13,read
"Emperor of Thorns (The Broken Empire, #3)",Mark  Lawrence,4.26,Harper Voyager,592,2013,7/29/13,to-read
"A Clash of Kings  (A Song of Ice and Fire, #2)",George R.R. Martin,4.41,Bantam,784,2002,6/10/15,read
"A Game of Thrones (A Song of Ice and Fire, #1)",George R.R. Martin,4.45,Bantam,835,2005,12/30/12,read
"If I Stay (If I Stay, #1)",Gayle Forman,3.95,Speak,261,2010,7/15/14,read
"The Ruby Circle (Bloodlines, #6)",Richelle Mead,4.23,Razorbill,348,2015,2/24/15,read
"Silver Shadows (Bloodlines, #5)",Richelle Mead,4.36,Razorbill,380,2014,1/4/15,read
"The Fiery Heart (Bloodlines, #4)",Richelle Mead,4.37,Penguin Group,420,2013,1/2/15,read
"The Indigo Spell (Bloodlines, #3)",Richelle Mead,4.39,Razorbill / Penguin Group,401,2013,1/2/15,read
"The Golden Lily (Bloodlines, #2)",Richelle Mead,4.35,Penguin Group,418,2012,1/2/15,read
"Bloodlines (Bloodlines, #1)",Richelle Mead,4.21,Penguin Group,421,2011,12/29/14,read
"Last Sacrifice (Vampire Academy, #6)",Richelle Mead,4.4,Razorbill,594,2010,9/21/14,read
"Lock In (Lock In, #1)",John Scalzi,3.88,Tor Books,336,2014,10/1/14,to-read
"City of Stairs (The Divine Cities, #1)",Robert Jackson Bennett,4.11,Broadway Books,452,2014,9/21/14,to-read
"Spirit Bound (Vampire Academy, #5)",Richelle Mead,4.36,Penguin Razorbill,489,2010,9/13/14,read
"Blood Promise (Vampire Academy, #4)",Richelle Mead,4.34,Penguin Razorbill,503,2009,9/5/14,read
"World of Fire (Dev Harmer Mission, #1)",James Lovegrove,3.67,Rebellion,324,2014,7/28/14,read
"Shadow Kiss (Vampire Academy, #3)",Richelle Mead,4.36,Razorbill,443,2008,8/30/14,read
"Feast of Souls (The Magister Trilogy, #1)",C.S. Friedman,3.89,DAW,464,2007,8/30/14,to-read
"Black Sun Rising (The Coldfire Trilogy, #1)",C.S. Friedman,3.93,Daw Books,496,2005,8/30/14,to-read
"Frostbite (Vampire Academy, #2)",Richelle Mead,4.29,Razorbill,327,2008,8/29/14,read
"The Fire Prince (The Cursed Kingdoms, #2)",Emily Gee,3.97,Solaris,559,2014,8/20/14,read
"World of Fire (Dev Harmer Mission, #1)",James Lovegrove,3.67,Solaris,464,2014,8/25/14,read
"Fire Logic (Elemental Logic, #1)",Laurie J. Marks,3.85,Tor Books,359,2004,8/23/14,to-read
The Lost Years of Merlin,T.A. Barron,3.98,Ace,304,2002,8/23/14,to-read
"Key Holder of the Realms (Tales of the Whosawhachits, #1)",Patricia O'Grady,4.34,Authorhouse,260,2010,8/23/14,to-read
"Running with the Demon (Word & Void, #1)",Terry Brooks,3.96,Del Rey Books,420,1997,8/23/14,to-read
"The Merchant of Death (Pendragon, #1)",D.J. MacHale,3.94,Aladdin Paperbacks,375,2002,8/23/14,to-read
"Phoenix Angel (Shardwell, #1)",Amanda Gerry,4.17,"Scribes of Shardwell, LLC",329,2012,8/23/14,to-read
"Gifts (Annals of the Western Shore, #1)",Ursula K. Le Guin,3.69,Harcourt,286,2006,8/23/14,to-read
"Empire in Black and Gold (Shadows of the Apt, #1)",Adrian Tchaikovsky,3.65,TOR,612,2008,8/23/14,to-read
"Falling Kingdoms (Falling Kingdoms, #1)",Morgan Rhodes,3.81,Razorbill,412,2012,8/23/14,to-read
"Tome of the Undergates (Aeons' Gate, #1)",Sam Sykes,3.36,Victor Gollancz Science Fiction,612,2010,8/23/14,to-read
"Vampire Academy (Vampire Academy, #1)",Richelle Mead,4.13,Razorbill,332,2013,8/13/14,read
"Among Thieves (Tales of the Kin, #1)",Douglas Hulick,3.94,Roc,414,2011,8/22/14,to-read
"The Sentinel Mage (The Cursed Kingdoms, #1)",Emily Gee,3.74,Solaris,509,2011,7/14/14,read
"Blood and Feathers (Blood and Feathers, #1)",Lou Morgan,3.54,Solaris,384,2012,8/19/14,to-read
"Greatshadow (Dragon Apocalypse, #1)",James Maxey,3.84,Solaris,416,2012,8/19/14,to-read
"Besieged (The Outcast Chronicles, #1)",Rowena Cory Daniells,3.83,Solaris,672,2012,8/19/14,to-read
"The King's Bastard (King Rolen's Kin, #1)",Rowena Cory Daniells,3.63,Solaris,640,2010,8/19/14,to-read
"Irons in the Fire (The Chronicles of the Lescari Revolution, #1)",Juliet E. McKenna,3.45,Solaris,512,2009,8/19/14,to-read
"Dragons of Autumn Twilight  (Dragonlance: Chronicles, #1)",Margaret Weis,3.99,Wizards of the Coast,444,2000,8/15/14,to-read
"The Earthsea Quartet (Earthsea Cycle, #1-4)",Ursula K. Le Guin,4.26,Penguin,691,1993,8/15/14,to-read
"Pawn of Prophecy (The Belgariad, #1)",David Eddings,4.15,Del Rey,304,2004,8/15/14,to-read
"Blue Moon Rising (Forest Kingdom, #1)",Simon R. Green,4.09,Ace Books,476,2005,8/15/14,to-read
"Something from the Nightside (Nightside, #1)",Simon R. Green,3.77,Ace Books,230,2003,8/15/14,to-read
"Daughter of the Empire (The Empire Trilogy, #1)",Raymond E. Feist,4.27,Spectra,421,1988,8/15/14,to-read
"The Darkness That Comes Before (The Prince of Nothing, #1)",R. Scott Bakker,3.79,Harry N. Abrams,608,2005,8/15/14,to-read
Deryni Rising (The Chronicles of the Deryni #1),Katherine Kurtz,3.95,Ballantine Books,271,1976,8/15/14,to-read
"The White Queen (The Plantagenet and Tudor Novels, #2)",Philippa Gregory,3.92,Atria Books,408,2009,8/15/14,to-read
"Acacia: The War with the Mein (Acacia, #1)",David Anthony Durham,3.57,Doubleday,576,2007,8/15/14,to-read
"The Archived (The Archived, #1)",Victoria Schwab,4.01,Hyperion,327,2013,8/13/14,to-read
"The Girl of Fire and Thorns (Fire and Thorns, #1)",Rae Carson,3.8,Greenwillow,423,2011,8/13/14,to-read
"The Crystal Cave (Arthurian Saga, #1)",Mary  Stewart,4.13,Eos,494,2003,8/13/14,to-read
"The Blue Blazes (Mookie Pearl, #1)",Chuck Wendig,3.86,Angry Robot,397,2013,8/7/14,to-read
"Starcrossed (Starcrossed, #1)",Josephine Angelini,4.07,HarperTeen,487,2011,8/7/14,to-read
The House of Mirth,Edith Wharton,3.95,Virago,351,2006,8/7/14,to-read
The Stranger,Albert Camus,3.97,Vintage International,123,1989,8/7/14,to-read
The Brief Wondrous Life of Oscar Wao,Junot Díaz,3.9,Riverhead Books,335,2007,8/7/14,to-read
"Preludes & Nocturnes (The Sandman, #1)",Neil Gaiman,4.25,Vertigo,233,1998,8/7/14,to-read
The Last Lecture,Randy Pausch,4.26,Hachette Books,206,2008,8/7/14,to-read
Outliers: The Story of Success,Malcolm Gladwell,4.14,"Little, Brown and Company",309,2008,8/7/14,to-read
A Short History of Nearly Everything,Bill Bryson,4.2,Broadway Books,544,2004,8/7/14,to-read
"In the Hand of the Goddess (Song of the Lioness, #2)",Tamora Pierce,4.24,Simon Pulse,264,2005,8/7/14,read
"Alanna: The First Adventure (Song of the Lioness, #1)",Tamora Pierce,4.26,Simon Pulse,274,2005,7/16/14,read
"Ready Player One (Ready Player One, #1)",Ernest Cline,4.27,Crown Publishers,374,2011,6/1/14,read
"Who Fears Death (Who Fears Death, #1)",Nnedi Okorafor,3.96,DAW Hardcover,386,2010,7/27/14,to-read
"Throne of the Crescent Moon (The Crescent Moon Kingdoms, #1)",Saladin Ahmed,3.64,DAW,274,2012,7/27/14,to-read
"The Killing Moon (Dreamblood, #1)",N.K. Jemisin,3.9,Hachette Book Group,418,2012,7/27/14,to-read
"The Rook (The Checquy Files, #1)",Daniel O'Malley,4.12,"Little, Brown and Company",496,2012,7/26/14,to-read
"Fool's Errand (Tawny Man, #1)",Robin Hobb,4.31,Voyager,661,2002,7/26/14,to-read
"Ship of Magic (Liveship Traders, #1)",Robin Hobb,4.14,Voyager,880,1999,7/26/14,to-read
"The Titan's Curse (Percy Jackson and the Olympians, #3)",Rick Riordan,4.35,Puffin Books,320,2007,7/23/14,read
"I Am Number Four (Lorien Legacies, #1)",Pittacus Lore,3.94,HarperCollins,440,2010,7/23/14,to-read
"A Dance of Cloaks (Shadowdance, #1)",David Dalglish,3.74,CreateSpace Independent Publishing Platform,386,2010,7/23/14,to-read
"Finnikin of the Rock (Lumatere Chronicles, #1)",Melina Marchetta,3.91,Viking Australia,416,2008,7/23/14,to-read
"Shadow and Bone (The Shadow and Bone Trilogy, #1)",Leigh Bardugo,4.03,Henry Holt and Company,358,2012,7/23/14,to-read
"The Sea of Monsters (Percy Jackson and the Olympians, #2)",Rick Riordan,4.24,Hyperion Books,279,2006,7/21/14,read
"The Demon King (Seven Realms, #1)",Cinda Williams Chima,4.18,Hyperion Books,506,2009,7/22/14,to-read
"The Lightning Thief (Percy Jackson and the Olympians, #1)",Rick Riordan,4.24,Disney Hyperion Books,377,2006,12/30/12,read
"The Magicians (The Magicians, #1)",Lev Grossman,3.51,Viking,402,2009,12/30/12,read
Shaman,Kim Stanley Robinson,3.67,Orbit,456,2013,7/18/14,to-read
"The Wind Singer (Wind on Fire, #1)",William Nicholson,3.85,Disney-Hyperion,486,2002,7/18/14,to-read
Shadow of the Winter King,Erik Scott de Bie,3.45,Dragon Moon Press,318,2014,7/16/14,to-read
"Red Rising (Red Rising, #1)",Pierce Brown,4.27,Del Rey (Random House),382,2014,7/16/14,to-read
"The Tombs of Atuan (Earthsea Cycle, #2)",Ursula K. Le Guin,4.09,Gallery / Saga Press,180,2001,7/15/14,to-read
"Eon: Dragoneye Reborn (Eon, #1)",Alison Goodman,3.97,Viking Books for Young Readers,531,2008,7/15/14,to-read
"Daughter of Smoke & Bone (Daughter of Smoke & Bone, #1)",Laini Taylor,4.03,"Little, Brown Books for Young Readers",422,2011,5/10/14,read
100 Heartbeats: A Journey to Meet Our Planet's Endangered Animals and the Heroes Working to Save Them,Jeff Corwin,4.17,Rodale Books,336,2009,7/15/14,read
The Fault in Our Stars,John Green,4.23,Dutton Books,313,2012,7/19/13,read
Endless Forms Most Beautiful: The New Science of Evo Devo and the Making of the Animal Kingdom,Sean B. Carroll,4.06,W. W. Norton & Company,350,2006,2/16/14,read
Fangirl,Rainbow Rowell,4.08,St. Martin's Griffin,438,2013,7/15/14,to-read
Bitterblue,Kristin Cashore,4.01,Firebird,563,2013,7/15/14,to-read
"Dies the Fire (Emberverse, #1)",S.M. Stirling,3.93,Ace Books,573,2005,7/15/14,to-read
"A Host of Dragons (Dragon Delasangre, #4)",Alan F. Troop,4.06,Roc,352,2006,7/15/14,to-read
"The Seadragon's Daughter (Dragon Delasangre, #3)",Alan F. Troop,3.93,Roc,304,2004,7/15/14,to-read
"The Dragon Delasangre (Dragon Delasangre, #1)",Alan F. Troop,3.69,Roc,304,2002,7/15/14,to-read
"The Farthest Shore (Earthsea Cycle, #3)",Ursula K. Le Guin,4.13,Gallery Books,259,2004,7/15/14,to-read
"Tehanu (Earthsea Cycle, #4)",Ursula K. Le Guin,3.94,Pocket Books,281,2004,7/15/14,to-read
"Sandworms Of Dune (Dune Chronicles, #8)",Brian Herbert,3.63,Tor Science Fiction,560,2008,7/15/14,to-read
"Hunters Of Dune (Dune Chronicles, #7)",Brian Herbert,3.65,Tor Books,563,2007,7/15/14,to-read
"Mystic Quest (The Bronze Canticles, #2)",Tracy Hickman,3.51,Grand Central Publishing,608,2006,7/15/14,to-read
Dune Messiah (Dune Chronicles #2),Frank Herbert,3.88,Ace Books,331,1987,7/15/14,to-read
Children of Dune (Dune Chronicles #3),Frank Herbert,3.92,Ace Books,408,1987,7/15/14,to-read
Heretics of Dune (Dune Chronicles #5),Frank Herbert,3.86,Ace Books,471,1987,7/15/14,to-read
"The Pillars of Creation (Sword of Truth, #7)",Terry Goodkind,3.68,Tor Books,725,2002,7/15/14,to-read
"Faith of the Fallen (Sword of Truth, #6)",Terry Goodkind,4.11,Tor,785,2001,7/15/14,to-read
"Soul of the Fire (Sword of Truth, #5)",Terry Goodkind,3.87,Tor Books,788,2000,7/15/14,to-read
"Naked Empire (Sword of Truth, #8)",Terry Goodkind,3.82,Tor Books,736,2004,7/15/14,to-read
"Temple of the Winds (Sword of Truth, #4)",Terry Goodkind,4.03,Tor,822,1998,7/15/14,to-read
"Blood of the Fold (Sword of Truth, #3)",Terry Goodkind,3.99,Tor Books,623,1997,7/15/14,to-read
"Stone of Tears (Sword of Truth, #2)",Terry Goodkind,4.11,Tor ,979,1996,7/15/14,to-read
"Cold Magic (Spiritwalker, #1)",Kate Elliott,3.72,Orbit,502,2010,7/15/14,to-read
"Spirit Gate (Crossroads, #1)",Kate Elliott,3.58,Tor Books,718,2007,7/15/14,to-read
Collapse: How Societies Choose to Fail or Succeed,Jared Diamond,3.93,Penguin Books Ltd. (London),608,2005,7/15/14,to-read
"Nightshade (Nightshade, #1)",Andrea Cremer,4.03,Speak,454,2011,7/15/14,to-read
The Messiah Code,Michael Cordy,3.72,Avon,400,2004,7/15/14,to-read
"First Truth (Truth, #1)",Dawn Cook,3.73,Ace Books,336,2002,7/15/14,to-read
"The Outlanders (The Lon Tobyn Chronicle, #2)",David B. Coe,3.89,Tor Books,626,1999,7/15/14,to-read
"Eagle-Sage (The Lon Tobyn Chronicle, #3)",David B. Coe,3.89,Tor Books,626,2001,7/15/14,to-read
Children of Amarid (Lon Tobyn Chronicle #1),David B. Coe,3.9,Tor Books,591,1998,7/15/14,to-read
Paper Towns,John Green,3.83,Dutton Juvenile,305,2008,7/15/14,to-read
An Abundance of Katherines,John Green,3.59,Dutton Books for Young Readers,229,2006,7/15/14,to-read
"Fortress of Owls (Fortress, #3)",C.J. Cherryh,3.9,Harper Voyager,560,2000,7/15/14,to-read
"Fortress of Dragons (Fortress, #4)",C.J. Cherryh,3.93,Harper Voyager,576,2001,7/15/14,to-read
"Fortress of Eagles (Fortress, #2)",C.J. Cherryh,3.88,Harper Voyager,496,1998,7/15/14,to-read
"Fortress in the Eye of Time (Fortress, #1)",C.J. Cherryh,3.86,Harper Voyager,773,1996,7/15/14,to-read
"Always Forever (Age of Misrule, #3)",Mark Chadbourn,4.05,Pyr,466,2009,7/15/14,to-read
"Darkest Hour (Age of Misrule, #2)",Mark Chadbourn,3.95,Pyr,464,2009,7/15/14,to-read
"World's End (Age of Misrule, #1)",Mark Chadbourn,3.73,Pyr,413,2009,7/15/14,to-read
"Summer Knight (The Dresden Files, #4)",Jim Butcher,4.3,Roc,446,2002,7/15/14,to-read
"White Night (The Dresden Files, #9)",Jim Butcher,4.4,Roc,467,2008,7/15/14,to-read
"Dead Beat (The Dresden Files, #7)",Jim Butcher,4.43,Roc,517,2006,7/15/14,to-read
"Consider Phlebas (Culture, #1)",Iain M. Banks,3.86,Orbit,527,2008,7/15/14,to-read
The Iron Dragon's Daughter,Michael Swanwick,3.69,Avon Books,424,2012,7/15/14,to-read
"The Diviners (The Diviners, #1)",Libba Bray,3.97,"Little, Brown Books for Young Readers",578,2012,7/14/14,to-read
Zoo City,Lauren Beukes,3.64,Angry Robot,416,2010,7/14/14,to-read
"Of Poseidon (The Syrena Legacy, #1)",Anna Banks,4.03,Feiwel & Friends,324,2012,7/12/14,to-read
Looking for Alaska,John Green,4.05,Speak,221,2006,7/3/14,read
"The Assassin's Curse (The Assassin's Curse, #1)",Cassandra Rose Clarke,3.69,Strange Chemistry,298,2012,6/10/14,to-read
"Aristotle and Dante Discover the Secrets of the Universe (Aristotle and Dante Discover the Secrets of the Universe, #1)",Benjamin Alire Sáenz,4.34,Simon & Schuster Books for Young Readers,359,2012,6/10/14,to-read
Eleanor & Park,Rainbow Rowell,4.08,St. Martin's Press,328,2013,6/1/14,read
"Joust (Dragon Jousters, #1)",Mercedes Lackey,4.02,DAW,448,2004,8/10/13,read
"Fool's Assassin (The Fitz and The Fool Trilogy, #1)",Robin Hobb,4.37,Harper Voyager,630,2014,6/1/14,to-read
"Thief's Magic (Millennium’s Rule, #1)",Trudi Canavan,3.85,Orbit,553,2014,6/1/14,to-read
"Shadows (The Rephaim, #1)",Paula Weston,3.97,Text Publishing,388,2012,5/25/14,to-read
"Angelfall (Penryn & the End of Days, #1)",Susan Ee,4.16,Hodder and Stoughton,326,2013,5/25/14,to-read
A Monster Calls,Patrick Ness,4.37,Walker,240,2012,5/22/14,to-read
The Night Circus,Erin Morgenstern,4.04,"Vintage Books, Random House",502,2012,5/22/14,to-read
"Saga, Vol. 1",Brian K. Vaughan,4.2,Image Comics,176,2012,5/22/14,to-read
Ancillary Justice (Imperial Radch #1),Ann Leckie,3.98,Orbit,386,2013,5/22/14,to-read
"The One (The Selection, #3)",Kiera Cass,4.2,HarperTeen,368,2014,5/21/14,read
"The Elite (The Selection, #2)",Kiera Cass,4.02,HarperTeen,336,2013,5/20/14,read
"The Quantum Thief (Jean le Flambeur, #1)",Hannu Rajaniemi,3.83,Gollancz,336,2010,5/20/14,to-read
"The Emperor's Blades (Chronicle of the Unhewn Throne, #1)",Brian Staveley,4.11,Tor Books,480,2014,5/20/14,to-read
"The Fractal Prince (Jean le Flambeur, #2)",Hannu Rajaniemi,4.05,Tor Books,320,2012,5/20/14,to-read
"Embrace (The Violet Eden Chapters, #1)",Jessica Shirvington,4,Hachette Australia,382,2010,5/20/14,to-read
"The Last Kingdom (The Saxon Stories, #1)",Bernard Cornwell,4.25,Harper Paperbacks,351,2006,5/20/14,to-read
"Foreigner (Foreigner, #1)",C.J. Cherryh,3.94,DAW,428,2004,5/20/14,to-read
"The Selection (The Selection, #1)",Kiera Cass,4.14,HarperTeen,336,2012,5/10/14,read
"The Knife of Never Letting Go (Chaos Walking, #1)",Patrick Ness,3.97,Walker,479,2008,5/19/14,to-read
The Book of Lost Things,John Connolly,3.98,Atria Books,339,2006,5/19/14,to-read
"Seraphina (Seraphina, #1)",Rachel Hartman,3.96,Random House Books for Young Readers,499,2013,5/19/14,to-read
The Martian,Andy Weir,4.4,Crown,369,2014,5/4/14,read
Stolen: A Letter to My Captor,Lucy Christopher,3.92,Chicken House Ltd,304,2009,5/15/14,to-read
"Blood Song (Raven's Shadow, #1)",Anthony Ryan,4.44,Anthony  Ryan,591,2012,5/11/14,to-read
"Grave Mercy (His Fair Assassin, #1)",Robin LaFevers,3.9,Houghton Mifflin Harcourt,549,2012,5/10/14,to-read
"The Hundred Thousand Kingdoms (Inheritance, #1)",N.K. Jemisin,3.84,Hachette Book Group Orbit,427,2010,5/10/14,to-read
"The Darkest Minds (The Darkest Minds, #1)",Alexandra Bracken,4.2,Disney Hyperion,488,2012,5/10/14,to-read
"Throne of Glass (Throne of Glass, #1)",Sarah J. Maas,4.22,Bloomsbury,404,2012,5/7/14,to-read
"New Amsterdam (New Amsterdam, #1)",Elizabeth Bear,3.55,Subterranean Press,272,2007,5/7/14,to-read
"Blood and Iron (Promethean Age, #1)",Elizabeth Bear,3.44,Ace Books,448,2006,5/7/14,to-read
"All the Windwracked Stars (The Edda of Burdens, #1)",Elizabeth Bear,3.64,Tor Books,368,2008,5/7/14,to-read
"Dust (Jacob's Ladder, #1)",Elizabeth Bear,3.65,Spectra,342,2008,5/7/14,to-read
"Range of Ghosts (Eternal Sky, #1)",Elizabeth Bear,3.7,Tor Books,334,2012,5/7/14,to-read
"Hammered (Jenny Casey, #1)",Elizabeth Bear,3.7,Spectra,352,2004,5/7/14,to-read
"The Stepsister Scheme (Princess, #1)",Jim C. Hines,3.75,DAW,344,2009,5/7/14,to-read
"Libriomancer (Magic Ex Libris, #1)",Jim C. Hines,3.81,DAW,308,2012,5/7/14,to-read
"Goblin Quest (Jig the Goblin, #1)",Jim C. Hines,4.01,DAW,346,2006,5/7/14,to-read
"Graceling (Graceling Realm, #1)",Kristin Cashore,4.09,Harcourt,471,2008,7/19/13,read
"Harry Potter and the Half-Blood Prince (Harry Potter, #6)",J.K. Rowling,4.56,Scholastic Inc.,652,2006,6/8/13,read
"Bastion (Valdemar: Collegium Chronicles, #5)",Mercedes Lackey,3.99,Daw Books,342,2013,11/16/13,read
"Prince of Fools (The Red Queen's War, #1)",Mark  Lawrence,4.07,Ace,355,2014,4/12/14,to-read
"Beyond the Shadows (Night Angel, #3)",Brent Weeks,4.28,Orbit,689,2008,4/11/14,to-read
"Shadow's Edge (Night Angel, #2)",Brent Weeks,4.27,Orbit,636,2008,4/11/14,to-read
"The Name of the Wind (The Kingkiller Chronicle, #1)",Patrick Rothfuss,4.54,Penguin Group DAW,662,2007,7/19/13,read
"The Hidden City (The House War, #1)",Michelle West,4.09,DAW,615,2008,4/11/14,to-read
"Blackbirds (Miriam Black, #1)",Chuck Wendig,3.76,Angry Robot,381,2012,4/4/14,to-read
A Clockwork Orange,Anthony Burgess,3.99,W. W. Norton & Company,213,1986,3/16/14,to-read
Lolita,Vladimir Nabokov,3.89,Penguin,331,1995,3/16/14,to-read
"Catch-22 (Catch-22, #1)",Joseph Heller,3.98,Simon & Schuster ,453,2004,3/16/14,to-read
Life of Pi,Yann Martel,3.9,Seal Books,460,2006,3/16/14,to-read
The Alchemist,Paulo Coelho,3.86,HarperCollins,197,1993,3/16/14,to-read
Of Mice and Men,John Steinbeck,3.86,Penguin Books,103,2002,3/16/14,read
"Night (The Night Trilogy, #1)",Elie Wiesel,4.32,Hill and Wang,115,2006,3/16/14,to-read
"The Giver (The Giver, #1)",Lois Lowry,4.13,Ember,208,2006,3/16/14,to-read
Lord of the Flies,William Golding,3.67,Penguin Books ,182,1999,3/16/14,to-read
"The Chronicles of Narnia (Chronicles of Narnia, #1-7)",C.S. Lewis,4.26,HarperCollins,767,2002,3/16/14,to-read
The Little Prince,Antoine de Saint-Exupéry,4.3,"Harcourt, Inc.",93,2000,3/16/14,to-read
The Catcher in the Rye,J.D. Salinger,3.8,Back Bay Books,277,2001,3/16/14,to-read
Pride and Prejudice,Jane Austen,4.25,Modern Library,279,2000,3/16/14,to-read
The Road,Cormac McCarthy,3.96,Alfred A. Knopf,241,2006,3/12/14,to-read
"Blood Meridian, or the Evening Redness in the West",Cormac McCarthy,4.17,Vintage Books,337,1992,3/12/14,to-read
Moth and Spark,Anne  Leonard,3.2,Viking Adult,368,2014,3/12/14,to-read
"Do Androids Dream of Electric Sheep? (Blade Runner, #1)",Philip K. Dick,4.08,Del Rey / Ballantine Books,244,1996,2/3/14,read
Your Inner Fish: A Journey Into the 3.5-Billion-Year History of the Human Body,Neil Shubin,3.99,Pantheon Books,229,2008,2/16/14,to-read
The Red Queen: Sex and the Evolution of Human Nature,Matt Ridley,4.04,Harper Perennial (HarperCollins),405,2003,2/16/14,to-read
The God Delusion,Richard Dawkins,3.9,Houghton Mifflin Co. (Boston/NY),374,2006,2/16/14,to-read
Stiff: The Curious Lives of Human Cadavers,Mary Roach,4.06,W. W. Norton  Company,303,2004,2/16/14,to-read
The Greatest Show on Earth: The Evidence for Evolution,Richard Dawkins,4.16,Bantam Press,470,2009,2/16/14,to-read
The Selfish Gene,Richard Dawkins,4.13,"Oxford University Press, USA",360,2006,2/16/14,to-read
"Sabriel (Abhorsen,  #1)",Garth Nix,4.17,Harper Collins,491,1996,2/10/14,to-read
"The Magicians' Guild (Black Magician Trilogy, #1)",Trudi Canavan,3.95,HarperCollins,384,2009,2/10/14,to-read
"Howl's Moving Castle (Howl's Moving Castle, #1)",Diana Wynne Jones,4.3,Harper Trophy,329,2001,2/10/14,to-read
"The Fire Within (The Last Dragon Chronicles, #1)",Chris d'Lacey,3.78,Scholastic Inc.,340,2007,2/3/14,read
"Redoubt (Valdemar: Collegium Chronicles, #4)",Mercedes Lackey,3.95,DAW,330,2012,11/16/13,read
"Changes (Valdemar: Collegium Chronicles, #3)",Mercedes Lackey,3.95,DAW,326,2011,8/10/13,read
"Intrigues (Valdemar: Collegium Chronicles, #2)",Mercedes Lackey,3.96,DAW,328,2010,12/20/13,read
"Insurgent (Divergent, #2)",Veronica Roth,4.04,HarperCollins Children's Books,525,2012,8/10/13,read
The Book Thief,Markus Zusak,4.37,Alfred A. Knopf,552,2006,7/19/13,read
Black Blade Blues (Sarah Beauhall #1),J.A. Pitts,3.43,Tor Books,400,2010,6/22/13,read
"Dark Currents (Agent of Hel, #1)",Jacqueline Carey,3.79,Roc Hardcover,356,2012,12/5/13,to-read
I Am Legend,Richard Matheson,4.06,Millenium,160,1999,12/4/13,to-read
"Oryx and Crake (MaddAddam, #1)",Margaret Atwood,4.01,Anchor Books,389,2004,12/3/13,to-read
The Ocean at the End of the Lane,Neil Gaiman,4,William Morrow Books,181,2013,12/3/13,to-read
"Life After Life (Todd Family, #1)",Kate Atkinson,3.76,Reagan Arthur Books,531,2013,12/3/13,to-read
"The Constant Princess (The Plantagenet and Tudor Novels, #6)",Philippa Gregory,3.9,Washington Square Press,390,2006,11/30/13,to-read
Pandemonium,Warren Fahy,3.69,Tor Books,320,2013,11/29/13,to-read
Fragment,Warren Fahy,3.68,Delacorte Press,356,2009,11/29/13,to-read
The Invisible Man,H.G. Wells,3.64,Signet Classics,192,2002,11/19/13,to-read
"Ringworld (Ringworld, #1)",Larry Niven,3.96,Gollancz,288,2005,11/19/13,to-read
Slaughterhouse-Five,Kurt Vonnegut,4.07,Dial Press,275,1999,11/19/13,to-read
"A Wrinkle in Time (Time Quintet, #1)",Madeleine L'Engle,4,Yearling Books,211,1973,11/19/13,to-read
Brave New World,Aldous Huxley,3.98,HarperPerennial / Perennial Classics,288,1998,11/19/13,to-read
Fahrenheit 451,Ray Bradbury,3.98,DeBolsillo,175,2004,11/19/13,to-read
1984,George Orwell,4.17,New American Library,328,1950,11/19/13,to-read
"Dune (Dune Chronicles, #1)",Frank Herbert,4.22,Hodder & Stoughton,604,2006,11/19/13,to-read
"Old Man's War (Old Man's War, #1)",John Scalzi,4.24,Tor Books,351,2007,11/19/13,to-read
"The Way of Shadows (Night Angel, #1)",Brent Weeks,4.15,Orbit,645,2008,11/16/13,read
"Daughter of the Blood (The Black Jewels, #1)",Anne Bishop,4.1,Roc NAL (New American Library) Penguin,412,1998,11/16/13,to-read
"Lord of the Fading Lands (Tairen Soul, #1)",C.L. Wilson,4.02,Audio Realms,16,2010,11/16/13,to-read
"The Elvenbane (Halfblood Chronicles, #1)",Andre Norton,3.95,Tor Books,566,1993,11/16/13,to-read
"The Final Empire (Mistborn, #1)",Brandon Sanderson,4.45,Tor Books,541,2006,11/14/13,to-read
"The Last Unicorn (The Last Unicorn, #1)",Peter S. Beagle,4.17,Penguin Roc,294,2008,11/14/13,to-read
"Lord Foul's Bane (The Chronicles of Thomas Covenant the Unbeliever, #1)",Stephen R. Donaldson,3.72,Del Rey / Ballantine,480,1989,11/14/13,to-read
Nine Princes in Amber (The Chronicles of Amber #1),Roger Zelazny,4.09,Avon,175,1986,11/14/13,to-read
"Vicious (Villains, #1)",V.E. Schwab,4.25,Tor,368,2013,11/4/13,to-read
The River of No Return,Bee Ridgway,3.69,Dutton,452,2013,11/4/13,to-read
"The Republic of Thieves (Gentleman Bastard, #3)",Scott Lynch,4.23,Del Rey,650,2013,11/4/13,to-read
"The Eye of the World (The Wheel of Time, #1)",Robert Jordan,4.19,Tor Books,814,1990,11/4/13,to-read
"The Golem and the Jinni (The Golem and the Jinni, #1)",Helene Wecker,4.11,Harper,486,2013,11/4/13,to-read
"The Emperor's Edge (The Emperor's Edge, #1)",Lindsay Buroker,4.03,,324,2010,11/4/13,to-read
The Ghost Bride,Yangsze Choo,3.76,William Morrow,368,2013,11/4/13,to-read
"The Firebird (Slains, #2)",Susanna Kearsley,4.09,Sourcebooks Landmark,539,2013,11/4/13,to-read
"The Crown Tower (The Riyria Chronicles, #1)",Michael J. Sullivan,4.33,Orbit ,384,2013,11/4/13,to-read
"The Companions (The Sundering, #1; Legend of Drizzt, #24)",R.A. Salvatore,4.34,Wizards of the Coast,378,2013,11/4/13,to-read
"The Dragon Keeper (Rain Wild Chronicles, #1)",Robin Hobb,3.94,Voyager,553,2009,11/4/13,to-read
"Angels' Blood (Guild Hunter, #1)",Nalini Singh,4.1,Berkley Sensation,339,2009,11/2/13,to-read
Jonathan Strange & Mr Norrell,Susanna Clarke,3.82,Tor Books,1006,2006,10/31/13,to-read
"The Mists of Avalon (Avalon, #1)",Marion Zimmer Bradley,4.12,Ballantine Books,884,1984,10/31/13,to-read
A Wizard of Earthsea,Ursula K. Le Guin,4,Bantam Spectra,183,2004,10/31/13,to-read
"Wizard's First Rule (Sword of Truth, #1)",Terry Goodkind,4.13,Tor Books,836,2003,10/31/13,to-read
The Princess Bride,William Goldman,4.26,Ballantine Books,456,2003,10/31/13,to-read
"American Gods (American Gods, #1)",Neil Gaiman,4.11,Headline Review,635,2005,10/31/13,to-read
"Boneshaker (The Clockwork Century, #1)",Cherie Priest,3.5,Tor Books,416,2009,10/31/13,to-read
"The Wise Man's Fear (The Kingkiller Chronicle, #2)",Patrick Rothfuss,4.57,DAW Books,994,2011,10/28/13,to-read
"God's War (Bel Dame Apocrypha, #1)",Kameron Hurley,3.65,Night Shade Books,288,2011,10/24/13,to-read
"The Winds of Khalakovo (Lays of Anuskaya, #1)",Bradley P. Beaulieu,3.32,Night Shade Books,449,2011,10/24/13,to-read
"Hyperion (Hyperion Cantos, #1)",Dan Simmons,4.23,Bantam Spectra,482,1990,9/9/13,to-read
"The Warded Man (Demon Cycle, #1)",Peter V. Brett,4.26,Random House,416,2009,9/9/13,to-read
"Oath of Fealty (Paladin's Legacy, #1)",Elizabeth Moon,4.1,Del Rey Books,471,2010,9/9/13,to-read
"The Last Dragonlord (Dragonlord, #1)",Joanne Bertin,4.02,Tor Fantasy,471,1999,9/9/13,to-read
"The Dream Thieves (The Raven Cycle, #2)",Maggie Stiefvater,4.26,Scholastic Press,439,2013,9/9/13,to-read
"The Raven Boys (The Raven Cycle, #1)",Maggie Stiefvater,4.06,Scholastic Press,409,2012,9/9/13,to-read
"The War of the Jewels (The History of Middle-Earth, #11)",J.R.R. Tolkien,3.92,Houghton Mifflin Harcourt,470,1994,9/2/13,to-read
"Morgoth's Ring (The History of Middle-Earth, #10)",J.R.R. Tolkien,4.13,Houghton Mifflin Harcourt,478,1993,9/2/13,to-read
"The End of the Third Age: The History of The Lord of the Rings, Part Four (The History of Middle-earth, #9a)",J.R.R. Tolkien,4.08,Houghton Mifflin Harcourt,176,2000,9/2/13,to-read
"The Return of the Shadow: The History of The Lord of the Rings, Part One (The History of Middle-Earth, #6)",J.R.R. Tolkien,4.03,Houghton Mifflin,512,2000,9/2/13,to-read
"The War of the Ring (The History of Middle-Earth, #8)",J.R.R. Tolkien,4.14,HarperCollins,476,2002,9/2/13,to-read
"The Lost Road and Other Writings (The History of Middle-Earth, #5)",J.R.R. Tolkien,3.97,Unwin Paperbacks,455,1987,9/2/13,to-read
"The Shaping of Middle-Earth (The History of Middle-Earth, #4)",J.R.R. Tolkien,4.01,Houghton Mifflin Company,400,2002,9/2/13,to-read
"The Book of Lost Tales, Part Two (The History of Middle-Earth, #2)",J.R.R. Tolkien,3.86,Del Rey,391,1992,9/2/13,to-read
"The Lays of Beleriand (The History of Middle-Earth, #3)",J.R.R. Tolkien,3.97,Houghton Mifflin Harcourt,393,1985,9/2/13,to-read
"The Book of Lost Tales, Part One (The History of Middle-Earth, #1)",J.R.R. Tolkien,3.83,Del Rey/Ballantine Books,367,1992,9/2/13,to-read
"Destroyer of Worlds (Kingdom of the Serpent, #3)",Mark Chadbourn,4.11,,,,9/2/13,to-read
"The Burning Man (Kingdom of the Serpent, #2)",Mark Chadbourn,4.03,,352,,9/2/13,to-read
"Jack of Ravens (Kingdom of the Serpent, #1)",Mark Chadbourn,3.92,Pyr,,,9/2/13,to-read
"The Endless Knot (The Song of Albion, #3)",Stephen R. Lawhead,4.17,Thomas Nelson,439,2006,9/2/13,to-read
"The Silver Hand (The Song of Albion, #2)",Stephen R. Lawhead,4.23,WestBow Press,448,2006,9/2/13,to-read
"The Paradise War (The Song of Albion, #1)",Stephen R. Lawhead,4.04,WestBow Press,444,2006,9/2/13,to-read
"Pendragon (The Pendragon Cycle, #4)",Stephen R. Lawhead,3.95,Avon,448,1995,9/2/13,to-read
"Merlin (The Pendragon Cycle, #2)",Stephen R. Lawhead,4.08,Zondervan,484,1996,9/2/13,to-read
"Arthur (The Pendragon Cycle, #3)",Stephen R. Lawhead,4,Avon Fantasy,448,1990,9/2/13,to-read
Taliesin (The Pendragon Cycle #1),Stephen R. Lawhead,3.99,Harper Voyager,496,1998,9/2/13,to-read
"Tuck (King Raven, #3)",Stephen R. Lawhead,4.09,Thomas Nelson Inc,452,2009,9/2/13,to-read
"Scarlet (King Raven, #2)",Stephen R. Lawhead,4.01,Thomas Nelson Inc,443,2007,9/2/13,to-read
"Hood (King Raven, #1)",Stephen R. Lawhead,3.88,Westbow Pr,490,2006,9/2/13,to-read
"The Legend of Eli Monpress (The Legend of Eli Monpress, #1-3)",Rachel Aaron,4.16,Orbit,1040,2012,9/1/13,to-read
"The Mageborn Traitor (Exiles, #2)",Melanie Rawn,4.15,Pan Books,755,1997,9/1/13,to-read
"Skybowl (Dragon Star, #3)",Melanie Rawn,4.09,Tor,,1995,9/1/13,to-read
"The Dragon Token (Dragon Star, #2)",Melanie Rawn,4.1,Pan Books,592,1995,9/1/13,to-read
"Sunrunner's Fire (Dragon Prince, #3)",Melanie Rawn,4.1,DAW,496,2005,9/1/13,to-read
"The Star Scroll (Dragon Prince, #2)",Melanie Rawn,4.08,DAW,560,2005,9/1/13,to-read
"Stronghold (Dragon Star, #1)",Melanie Rawn,4.03,DAW,592,1991,9/1/13,to-read
"Dragon Prince (Dragon Prince, #1)",Melanie Rawn,3.95,DAW Trade,576,2005,9/1/13,to-read
"Elfsorrow (Legends of the Raven, #1)",James Barclay,4.01,Pyr,421,2010,9/1/13,to-read
"Brisingr (The Inheritance Cycle, #3)",Christopher Paolini,4.05,Alfred A. Knopf,748,2008,9/1/13,to-read
"Inheritance (The Inheritance Cycle, #4)",Christopher Paolini,4.1,Alfred A. Knopf,849,2011,9/1/13,to-read
"Eldest (The Inheritance Cycle, #2)",Christopher Paolini,3.98,Knopf Books for Young Readers,704,2007,9/1/13,to-read
"Through Wolf's Eyes (Firekeeper Saga, #1)",Jane Lindskold,3.97,Tor Books,579,2002,9/1/13,to-read
"The Maze Runner (The Maze Runner, #1)",James Dashner,4.02,Delacorte Press,384,2009,7/19/13,read
"Morgawr (The Voyage of the Jerle Shannara, #3)",Terry Brooks,3.97,Del Rey,415,2003,8/27/13,to-read
"Jarka Ruus (High Druid of Shannara, #1)",Terry Brooks,3.97,Del Rey,416,2005,8/27/13,to-read
"Antrax (Voyage of the Jerle Shannara, #2)",Terry Brooks,3.96,Del Rey Books,405,2002,8/27/13,to-read
"Ilse Witch (Voyage of the Jerle Shannara, #1)",Terry Brooks,3.96,Del Rey,456,2001,8/27/13,to-read
"The Talismans of Shannara (Heritage of Shannara, #4)",Terry Brooks,4.02,Orbit,440,1999,8/27/13,to-read
"The Druid of Shannara (Heritage of Shannara, #2)",Terry Brooks,4.02,Del Rey,471,1998,8/27/13,to-read
"The Elf Queen of Shannara (Heritage of Shannara, #3)",Terry Brooks,4.04,Orbit,416,1998,8/27/13,to-read
"The Scions of Shannara (Heritage of Shannara, #1)",Terry Brooks,3.99,Orbit,512,2006,8/27/13,to-read
"The Wishsong of Shannara (The Original Shannara Trilogy, #3)",Terry Brooks,3.97,Orbit,512,1999,8/27/13,to-read
"The Sword of Shannara (The Original Shannara Trilogy, #1)",Terry Brooks,3.76,Orbit,726,1999,8/27/13,to-read
"The Elfstones of Shannara  (The Original Shannara Trilogy, #2)",Terry Brooks,3.97,Books on Tape,23,2003,8/27/13,to-read
Forged in Fire (Sarah Beauhall #3),J.A. Pitts,4.06,Tor Books,432,2012,8/25/13,to-read
Honeyed Words (Sarah Beauhall #2),J.A. Pitts,3.86,Tor Books,416,2011,8/25/13,to-read
"Foundation (Valdemar: Collegium Chronicles, #1)",Mercedes Lackey,4,Brilliance Audio,340,2008,8/10/13,read
"King's Dragon (Crown of Stars, #1)",Kate Elliott,3.79,DAW Books,636,1998,8/10/13,to-read
"Linger (The Wolves of Mercy Falls, #2)",Maggie Stiefvater,3.91,Scholastic Press,362,2010,8/20/13,read
"Forever (The Wolves of Mercy Falls, #3)",Maggie Stiefvater,3.91,Scholastic Press,390,2011,8/20/13,read
"Feed (Newsflesh Trilogy, #1)",Mira Grant,3.85,Orbit,599,2010,8/19/13,to-read
Sing the Four Quarters (Quarters #1),Tanya Huff,3.83,DAW,410,1994,8/10/13,to-read
"Magician: Apprentice (The Riftwar Saga, #1)",Raymond E. Feist,4.17,Bantam Spectra,485,1994,8/10/13,to-read
"Dragonflight (Dragonriders of Pern, #1)",Anne McCaffrey,4.1,Del Rey,299,2005,8/10/13,to-read
"The Lion, the Witch and the Wardrobe (Chronicles of Narnia, #1)",C.S. Lewis,4.21,HarperCollins Publishers,206,2005,8/10/13,to-read
"The Phoenix Unchained (Enduring Flame, #1)",Mercedes Lackey,3.85,Tor Books,398,2007,8/10/13,to-read
"Aerie (Dragon Jousters, #4)",Mercedes Lackey,3.95,DAW Books ,291,2006,8/10/13,to-read
"Sanctuary (Dragon Jousters, #3)",Mercedes Lackey,4,DAW,448,2006,8/10/13,to-read
"Alta (Dragon Jousters, #2)",Mercedes Lackey,4.03,Daw Books ,434,2005,8/10/13,to-read
"Oathblood (Valdemar: Vows and Honor, #3)",Mercedes Lackey,4.05,DAW,394,1998,8/10/13,to-read
"The Outstretched Shadow (Obsidian Mountain, #1)",Mercedes Lackey,4.01,Tor Books,604,2003,8/10/13,to-read
"The Lark and the Wren (Bardic Voices, #1)",Mercedes Lackey,4.03,Baen Books,488,1993,8/10/13,to-read
"The Oathbound (Valdemar: Vows and Honor, #1)",Mercedes Lackey,4.09,DAW,302,1988,8/10/13,to-read
Take a Thief (Valdemar #25),Mercedes Lackey,4.12,DAW,435,2002,8/10/13,to-read
"Oathbreakers (Valdemar: Vows and Honor, #2)",Mercedes Lackey,4.18,DAW,279,1989,8/10/13,to-read
"Exile's Honor (Heralds of Valdemar, #6)",Mercedes Lackey,4.19,Daw Books,431,2003,8/10/13,to-read
"Exile's Valor (Heralds of Valdemar, #7)",Mercedes Lackey,4.19,DAW,438,2004,8/10/13,to-read
"The Free Bards (Bardic Voices, #1-3)",Mercedes Lackey,4.18,Baen,712,1997,8/10/13,to-read
By the Sword (Valdemar),Mercedes Lackey,4.25,DAW,492,1991,8/10/13,to-read
"The Ruins of Ambrai (Exiles, #1)",Melanie Rawn,4.06,Pan Books,928,1997,8/10/13,to-read
"Clockwork Prince (The Infernal Devices, #2)",Cassandra Clare,4.45,"Simon & Schuster, Margaret K. McElderry ",502,2011,8/10/13,to-read
"Clockwork Princess (The Infernal Devices, #3)",Cassandra Clare,4.58,Simon & Schuster Margaret K. McElderry,571,2013,8/10/13,to-read
"Clockwork Angel (The Infernal Devices, #1)",Cassandra Clare,4.33,"Simon & Schuster, Margaret K. McElderry ",481,2010,8/10/13,to-read
"City of Lost Souls (The Mortal Instruments, #5)",Cassandra Clare,4.29,Margaret K. McElderry Books,546,2012,8/10/13,to-read
"City of Fallen Angels (The Mortal Instruments, #4)",Cassandra Clare,4.14,"Simon & Schuster Children's, Margaret K. McElderry Books",425,2011,8/10/13,to-read
"City of Glass (The Mortal Instruments, #3)",Cassandra Clare,4.33,Margaret K. McElderry Books,541,2009,8/10/13,to-read
"City of Ashes (The Mortal Instruments, #2)",Cassandra Clare,4.19,Margaret K. McElderry Books,453,2008,8/10/13,to-read
"City of Bones (The Mortal Instruments, #1)",Cassandra Clare,4.11,Margaret K. McElderry Books,485,2007,12/30/12,read
"Speaker for the Dead (Ender's Saga, #2)",Orson Scott Card,4.06,Tor Books,382,1994,8/7/13,read
"Ender's Game (Ender's Saga, #1)",Orson Scott Card,4.3,Macmillan Audio,324,2004,8/7/13,read
Part of the Pride: My Life Among the Big Cats of Africa,Kevin Richardson,4.23,St. Martin's Press,243,2009,8/3/13,read
"The Thousand Names (The Shadow Campaigns, #1)",Django Wexler,4.04,Roc,513,2013,8/1/13,to-read
"Shadowfell (Shadowfell, #1)",Juliet Marillier,3.92,Knopf Books for Young Readers,410,2012,8/1/13,to-read
"Harry Potter and the Deathly Hallows (Harry Potter, #7)",J.K. Rowling,4.61,Arthur A. Levine Books / Scholastic Inc.,759,2007,6/8/13,read
"The White Gryphon (Valdemar: Mage Wars, #2)",Mercedes Lackey,3.91,DAW,399,1996,7/19/13,read
"Divergent (Divergent, #1)",Veronica Roth,4.21,Katherine Tegen Books,487,2012,7/19/13,read
"Prince of Thorns (The Broken Empire, #1)",Mark  Lawrence,3.86,Voyager,384,2011,7/13/13,read
"King of Thorns (The Broken Empire, #2)",Mark  Lawrence,4.2,Ace Books,449,2012,7/29/13,to-read
"The Enchantments of Flesh and Spirit (Wraeththu, #1)",Storm Constantine,3.88,Tom Doherty Assoc Llc,320,1989,7/28/13,to-read
"The Curse of Chalion (World of the Five Gods, #1)",Lois McMaster Bujold,4.15,HarperTorch,502,2002,7/25/13,to-read
"Song in the Silence (The Tale of Lanen Kaelar, #1)",Elizabeth Kerner,3.95,Tor Fantasy,401,1998,7/24/13,to-read
"Mélusine (Doctrine of Labyrinths, #1)",Sarah Monette,3.63,Ace,477,2006,7/24/13,to-read
Winter's Tale,Mark Helprin,3.5,Mariner Books,748,2005,7/21/13,to-read
"Revenge of the Witch (The Last Apprentice / Wardstone Chronicles, #1)",Joseph Delaney,3.99,Harper Trophy,344,2006,7/21/13,to-read
"The Moon Dwellers (The Dwellers, #1)",David Estes,3.81,David Estes,369,2012,7/19/13,to-read
"Life As We Knew It (Last Survivors, #1)",Susan Beth Pfeffer,3.89,HMH Books for Young Readers,337,2006,7/19/13,to-read
"Partials (Partials Sequence, #1)",Dan Wells,3.94,Balzer + Bray,468,2012,7/19/13,to-read
"Uglies (Uglies, #1)",Scott Westerfeld,3.86,Simon Pulse,425,2005,7/19/13,to-read
"Cinder (The Lunar Chronicles, #1)",Marissa Meyer,4.15,Feiwel and Friends,390,2012,7/19/13,to-read
"Matched (Matched, #1)",Ally Condie,3.67,Dutton Books for Young Readers,369,2010,7/19/13,to-read
"Unwind (Unwind, #1)",Neal Shusterman,4.18,Simon & Schuster Books for Young Readers,337,2007,7/19/13,to-read
Horns,Joe Hill,3.92,William Morrow,370,2010,7/19/13,to-read
"Storm Front (The Dresden Files, #1)",Jim Butcher,4.01,Penguin ROC,322,2000,7/19/13,to-read
"Twelve (The Danilov Quintet, #1)",Jasper Kent,3.51,Bantam,480,2009,7/19/13,to-read
"The Lies of Locke Lamora (Gentleman Bastard, #1)",Scott Lynch,4.3,Bantam Spectra,499,2006,7/19/13,to-read
"The Black Prism (Lightbringer, #1)",Brent Weeks,4.24,Orbit,629,2010,7/19/13,to-read
"The Last Herald-Mage (Valdemar: The Last Herald-Mage, #1-3)",Mercedes Lackey,4.48,SFBC,900,1990,7/19/13,read
"Owlknight (Owl Mage Trilogy, #3)",Mercedes Lackey,3.98,DAW,450,2000,7/19/13,read
"Owlsight (Owl Mage Trilogy, #2)",Mercedes Lackey,4,DAW,450,1999,7/19/13,read
"Owlflight (Owl Mage Trilogy, #1)",Mercedes Lackey,3.98,DAW,342,1998,7/19/13,read
"The Silver Gryphon (Valdemar: Mage Wars, #3)",Mercedes Lackey,3.82,Penguin Putnam Inc USA,400,1997,7/19/13,read
"Brightly Burning (Valdemar, #8)",Mercedes Lackey,4.08,Gollancz,,2002,7/19/13,read
"Storm Breaking (Valdemar: Mage Storms, #3)",Mercedes Lackey,4.05,Daw Books,463,1997,7/19/13,read
"Storm Rising (Valdemar: Mage Storms, #2)",Mercedes Lackey,4.01,DAW,412,1996,7/19/13,read
Storm Warning (Valdemar: Mage Storms #1),Mercedes Lackey,4.03,Daw Books,428,1995,7/19/13,read
Winds of Fury (Valdemar: Mage Winds #3),Mercedes Lackey,4.05,DAW,423,1994,7/19/13,read
The Black Gryphon (Valdemar: Mage Wars #1),Mercedes Lackey,4.05,DAW,460,1995,7/19/13,read
The End of Days Armageddon and Prophecies of the Return,Zecharia Sitchin,4.07,HarperCollins,317,2008,7/19/13,to-read
"The 12th Planet (Earth Chronicles, #1)",Zecharia Sitchin,3.98,Avon Books (NYC),438,2007,7/19/13,to-read
"The Witching Hour (Lives of the Mayfair Witches, #1)",Anne Rice,4.11,Arrow,1207,2004,7/19/13,to-read
"Book of Shadows (Sweep, #1)",Cate Tiernan,4.04,Speak,176,2007,7/19/13,to-read
"The Warrior Heir (The Heir Chronicles, #1)",Cinda Williams Chima,3.94,Hyperion Paperbacks,426,2007,7/19/13,to-read
"Furies of Calderon (Codex Alera, #1)",Jim Butcher,4.12,Ace,504,2005,7/19/13,to-read
"Fablehaven (Fablehaven, #1)",Brandon Mull,4.09,Shadow Mountain,351,2006,7/19/13,to-read
"The Innocent Mage (Kingmaker, Kingbreaker, #1)",Karen Miller,3.66,Orbit,642,2007,7/19/13,to-read
"The Summoner (Chronicles of the Necromancer, #1)",Gail Z. Martin,3.72,Solaris,637,2007,7/19/13,to-read
"Grave Witch (Alex Craft, #1)",Kalayna Price,3.96,Roc,325,2010,7/19/13,to-read
"The Dragonbone Chair (Memory, Sorrow, and Thorn, #1)",Tad Williams,3.95,DAW,672,2005,7/19/13,to-read
"Shadowmarch (Shadowmarch, #1)",Tad Williams,3.73,DAW,796,2006,7/19/13,to-read
"The Way of Kings (The Stormlight Archive, #1)",Brandon Sanderson,4.65,Tor Books,1007,2010,7/19/13,to-read
"The Black Company (The Chronicles of the Black Company, #1)",Glen Cook,3.94,Tor Fantasy,319,1992,7/19/13,to-read
"The Blade Itself (The First Law, #1)",Joe Abercrombie,4.16,Gollancz,515,2007,7/19/13,to-read
"Assassin's Apprentice (Farseer Trilogy, #1)",Robin Hobb,4.15,Voyager,460,1996,7/19/13,to-read
"Gardens of the Moon (Malazan Book of the Fallen, #1)",Steven Erikson,3.88,Tor Books,666,2005,7/19/13,to-read
"Banewreaker (The Sundering, #1)",Jacqueline Carey,3.44,Tor,502,2005,7/19/13,to-read
The Kite Runner,Khaled Hosseini,4.29,Riverhead Books,371,2004,7/19/13,to-read
Flowers for Algernon,Daniel Keyes,4.12,Harvest Books,311,2005,7/19/13,to-read
"His Majesty's Dragon (Temeraire, #1)",Naomi Novik,4.06,Del Rey,356,2006,7/19/13,to-read
"The Shadow of the Torturer (The Book of the New Sun, #1)",Gene Wolfe,3.79,Pocket Books,262,1984,7/19/13,to-read
"In the Garden of Iden (The Company, #1)",Kage Baker,3.78,Tor Books,336,2005,7/19/13,to-read
Night Watch (Watch #1),Sergei Lukyanenko,3.98,Miramax Books,455,2006,7/19/13,to-read
"Wild Seed (Patternmaster, #1)",Octavia E. Butler,4.21,Warner Books,306,2001,7/19/13,to-read
"Rosemary and Rue (October Daye, #1)",Seanan McGuire,3.75,DAW BOOKS Inc,346,2009,7/19/13,to-read
"The Color of Magic (Discworld, #1; Rincewind, #1)",Terry Pratchett,3.99,Harper,228,2005,7/19/13,to-read
"Shards of Honour  (Vorkosigan Saga, #1)",Lois McMaster Bujold,4.11,Earthlight,253,2003,7/19/13,to-read
"The Devil You Know (Felix Castor, #1)",Mike Carey,3.8,Grand Central Publishing,406,2007,7/19/13,to-read
"The Andromeda Strain (Andromeda, #1)",Michael Crichton,3.89,Avon Books,327,2003,7/17/13,to-read
"Luck in the Shadows (Nightrunner, #1)",Lynn Flewelling,4.08,Bantam Spectra,479,1996,6/22/13,to-read
"The Pedlar and the Bandit King (Scarlet and the White Wolf, #1)",Kirby Crow,3.77,Torquere Press,221,2006,6/22/13,to-read
"Harry Potter and the Order of the Phoenix (Harry Potter, #5)",J.K. Rowling,4.49,Scholastic Inc.,870,2004,6/8/13,read
"Harry Potter and the Goblet of Fire (Harry Potter, #4)",J.K. Rowling,4.55,Scholastic,734,2002,6/8/13,read
"Harry Potter and the Prisoner of Azkaban (Harry Potter, #3)",J.K. Rowling,4.56,Scholastic Inc.,435,2004,6/8/13,read
"Harry Potter and the Chamber of Secrets (Harry Potter, #2)",J.K. Rowling,4.41,Arthur A. Levine Books / Scholastic Inc.,341,1999,6/8/13,read
The Song of Achilles,Madeline Miller,4.33,Bloomsbury Publishing,352,2011,6/8/13,to-read
Merlin's Shadow (The Merlin Spiral #2),Robert Treskillard,4.26,Blink YA Books (HarperCollins),437,2013,5/12/13,to-read
"Merlin's Blade (The Merlin Spiral, #1)",Robert Treskillard,3.91,Blink YA Books (HarperCollins),432,2013,5/12/13,to-read
"The Highlander Series 3-Book Bundle (McCabe Trilogy, #1-3)",Maya Banks,4.41,Ballantine Books,1056,2012,4/14/13,read
"The Capture (Guardians of Ga'Hoole, #1)",Kathryn Lasky,3.9,Scholastic Paperbacks,222,2003,12/30/12,read
"The Hitchhiker's Guide to the Galaxy (Hitchhiker's Guide to the Galaxy, #1)",Douglas Adams,4.22,Del Rey Books,216,2005,12/30/12,to-read
"Shiver (The Wolves of Mercy Falls, #1)",Maggie Stiefvater,3.77,Scholastic Press,392,2009,12/30/12,read
"The Amulet of Samarkand (Bartimaeus, #1)",Jonathan Stroud,4.01,Hyperion/Miramax,462,2003,12/30/12,to-read
The Hobbit or There and Back Again,J.R.R. Tolkien,4.27,Houghton Mifflin,366,2002,12/30/12,read
"Mockingjay (The Hunger Games, #3)",Suzanne Collins,4.03,Scholastic Press,390,2010,12/30/12,read
"Catching Fire (The Hunger Games, #2)",Suzanne Collins,4.29,Scholastic Press,391,2009,12/30/12,read
"The Hunger Games (The Hunger Games, #1)",Suzanne Collins,4.33,Scholastic Press,374,2008,12/30/12,read
X-Men: Second Coming,Mike Carey,4.12,Marvel Comics,392,2010,12/30/12,read
"The Treason of Isengard: The History of The Lord of the Rings, Part Two (The History of Middle-Earth, #7)",J.R.R. Tolkien,4.17,Houghton Mifflin Harcourt,512,1989,12/30/12,to-read
The Hobbit: Graphic Novel,Chuck Dixon,4.48,Ballantine Books,133,1990,12/30/12,read
"The Fellowship of the Ring (The Lord of the Rings, #1)",J.R.R. Tolkien,4.36,Houghton Mifflin Harcourt,398,2003,12/30/12,read
Dragon Rider,Cornelia Funke,3.97,Chicken House,527,2005,12/30/12,read
"Eragon (The Inheritance Cycle, #1)",Christopher Paolini,3.89,Alfred A. Knopf,503,2005,12/30/12,read
"Harry Potter and the Sorcerer's Stone (Harry Potter, #1)",J.K. Rowling,4.47,Scholastic Inc,322,1997,12/30/12,read
"Icefire (The Last Dragon Chronicles, #2)",Chris d'Lacey,3.91,Scholastic Inc.,421,2007,12/30/12,read
Magic's Promise (Valdemar: Last Herald-Mage #2),Mercedes Lackey,4.21,DAW Books Inc,320,1990,12/30/12,read
Magic's Pawn (Valdemar: Last Herald-Mage #1),Mercedes Lackey,4.21,DAW Books Inc,349,1989,12/30/12,read
"Arrows of the Queen (Heralds of Valdemar, #1)",Mercedes Lackey,4.15,Daw Books,320,1987,12/30/12,read
"Arrow's Flight (Heralds of Valdemar, #2)",Mercedes Lackey,4.14,DAW,318,1987,12/30/12,read
"Arrow's Fall (Heralds of Valdemar, #3)",Mercedes Lackey,4.19,Daw Books,319,1988,12/30/12,read
Magic's Price (Valdemar: Last Herald-Mage #3),Mercedes Lackey,4.27,DAW Books Inc,351,1990,12/30/12,read
"Winds of Change (Valdemar: Mage Winds, #2)",Mercedes Lackey,4.04,DAW,475,1993,12/30/12,read
Winds of Fate (Valdemar: Mage Winds #1),Mercedes Lackey,4.04,DAW,458,1992,12/30/12,read
"The Enchantress (The Secrets of the Immortal Nicholas Flamel, #6)",Michael Scott,4.24,Delacorte Press,513,2012,12/30/12,read
"The Warlock (The Secrets of the Immortal Nicholas Flamel, #5)",Michael Scott,4.18,Delacorte Press,385,2011,12/30/12,read
"The Necromancer  (The Secrets of the Immortal Nicholas Flamel, #4)",Michael Scott,4.13,Delacorte Books for Young Readers,416,2010,12/30/12,read
"The Sorceress (The Secrets of the Immortal Nicholas Flamel, #3)",Michael Scott,4.11,Delacorte Press,502,2009,12/30/12,read
"The Magician (The Secrets of the Immortal Nicholas Flamel, #2)",Michael Scott,4.09,Delacorte Press,464,2008,12/30/12,read
"The Alchemyst (The Secrets of the Immortal Nicholas Flamel, #1)",Michael Scott,3.84,Delacorte Press,375,2007,12/30/12,read