Reader,Title,Author,ISBN,My Rating,Average Rating,Publisher,Number of Pages,Year Published,Date Added,Bookshelves,Bookshelves with positions,Exclusive Shelf
Katrina,Einstein: His Life and Universe,Walter Isaacson,743264738,0,4.11,Simon  Schuster,675,2007,9/29/19,to-read,to-read (#106),to-read
Katrina,Steve Jobs,Walter Isaacson,1451648537,0,4.12,Simon & Schuster,627,2011,9/29/19,to-read,to-read (#105),to-read
Katrina,Uncle Tungsten,Oliver Sacks,330390287,0,3.97,Picador,337,2002,9/21/19,to-read,to-read (#104),to-read
Katrina,Midnight in Chernobyl: The Untold Story of the World's Greatest Nuclear Disaster,Adam Higginbotham,1501134612,0,4.44,Simon & Schuster,538,2019,8/16/19,to-read,to-read (#103),to-read
Katrina,Homer's Odyssey,Gwen Cooper,038534385X,0,4.19,Delacorte Press,287,2009,8/8/19,to-read,to-read (#102),to-read
Katrina,The River of Consciousness,Oliver Sacks,385352565,0,3.91,Knopf Publishing Group,256,2017,3/12/18,currently-reading,currently-reading (#1),currently-reading
Katrina,A Gentleman in Moscow,Amor Towles,143110438,5,4.36,Penguin Books,496,2019,4/17/19,,,read
Katrina,"The Push: A Climber's Journey of Endurance, Risk, and Going Beyond Limits",Tommy Caldwell,399562702,0,4.47,Viking,341,2017,7/15/19,to-read,to-read (#101),to-read
Katrina,Sapiens: A Brief History of Humankind,Yuval Noah Harari,,0,4.45,Harvill Secker,498,2014,7/8/19,to-read,to-read (#100),to-read
Katrina,Outliers: The Story of Success,Malcolm Gladwell,316017922,4,4.14,"Little, Brown and Company",309,2008,2/24/16,,,read
Katrina,Crisis of Conscience,Raymond Franz,914675230,0,4.4,Commentary Press,446,2002,6/15/19,to-read,to-read (#99),to-read
Katrina,The Elements of User Experience: User-Centered Design for the Web (Voices (New Riders),Jesse James Garrett,735712026,0,3.97,New Riders,208,2002,6/3/19,to-read,to-read (#98),to-read
Katrina,First They Killed My Father: A Daughter of Cambodia Remembers,Loung Ung,60856262,5,4.34,Harper Perennial,238,2006,6/2/19,,,read
Katrina,"How to Change Your Mind: What the New Science of Psychedelics Teaches Us About Consciousness, Dying, Addiction, Depression, and Transcendence",Michael Pollan,241294223,4,4.28,Allen Lane,480,2018,11/10/18,,,read
Katrina,The Boys in the Boat: Nine Americans and Their Epic Quest for Gold at the 1936 Berlin Olympics,Daniel James Brown,067002581X,5,4.35,Viking,416,2013,3/4/19,,,read
Katrina,"Unbroken: A World War II Story of Survival, Resilience and Redemption",Laura Hillenbrand,1400064163,0,4.38,Random House,473,2010,4/27/19,to-read,to-read (#97),to-read
Katrina,Flour Water Salt Yeast: The Fundamentals of Artisan Bread and Pizza,Ken Forkish,160774273X,0,4.48,Ten Speed Press,272,2012,4/25/19,to-read,to-read (#96),to-read
Katrina,Baking at République: Masterful Techniques and Recipes,Margarita Manzke,,0,4,Lorena Jones Books,266,2019,4/25/19,to-read,to-read (#95),to-read
Katrina,Endurance: Shackleton's Incredible Voyage,Alfred Lansing,078670621X,5,4.39,Carroll & Graf Publishers,282,1959,3/19/19,,,read
Katrina,Wonders of the Universe,Brian Cox,7395825,0,4.31,Collins,256,2011,5/8/17,to-read,to-read (#94),to-read
Katrina,Small Country,Gaël Faye,1524759872,0,4.24,Hogarth Press,183,2018,3/18/19,to-read,to-read (#93),to-read
Katrina,Born a Crime: Stories From a South African Childhood,Trevor Noah,385689225,0,4.46,Doubleday Canada,304,2016,3/4/19,to-read,to-read (#92),to-read
Katrina,Why We Sleep: Unlocking the Power of Sleep and Dreams,Matthew Walker,1501144316,0,4.47,Scribner,368,2017,2/21/19,to-read,to-read (#91),to-read
Katrina,Educated,Tara Westover,399590501,5,4.48,Random House,334,2018,12/5/18,,,read
Katrina,Grandma Gatewood's Walk: The Inspiring Story of the Woman Who Saved the Appalachian Trail,Ben Montgomery,1613747187,0,4.11,Chicago Review Press,288,2014,2/6/19,to-read,to-read (#90),to-read
Katrina,Travelling to Infinity,Jane Hawking,1846883474,0,3.64,Alma Books,487,2015,1/6/19,to-read,to-read (#89),to-read
Katrina,Papillon,Henri Charrière,61120669,0,4.24,William Morrow Paperbacks,544,2006,12/30/18,to-read,to-read (#88),to-read
Katrina,The Annotated Wind in the Willows,Kenneth Grahame,393057747,5,3.99,W. W. Norton & Company,468,2009,12/13/17,,,read
Katrina,The Tattooist of Auschwitz,Heather   Morris,1760403172,0,4.27,Bonnier Publishing Australia,277,2018,12/9/18,to-read,to-read (#87),to-read
Katrina,We Survived: Fourteen Histories Of The Hidden And Hunted In Nazi Germany,Eric H. Boehm,813340586,0,4.26,Basic Books,360,2003,12/9/18,to-read,to-read (#86),to-read
Katrina,Army of None: Autonomous Weapons and the Future of War,Paul Scharre,393608980,0,3.83,W. W. Norton  Company,448,2018,12/5/18,to-read,to-read (#85),to-read
Katrina,Step By Step,Simon Reeve,1473689112,5,4.4,Hodder & Stoughton Ltd,352,2018,8/1/18,,,read
Katrina,In the Spirit of Crazy Horse: The Story of Leonard Peltier and the FBI's War on the American Indian Movement,Peter Matthiessen,140144560,0,4.23,Penguin Books,688,1992,10/29/18,to-read,to-read (#84),to-read
Katrina,Son of the Morning Star: General Custer and the Battle of the Little Bighorn,Evan S. Connell,1844137635,0,4.13,Pimlico,448,2005,10/29/18,to-read,to-read (#83),to-read
Katrina,A Movable Feast,Ernest Hemingway,,0,4.04,,256,,10/29/18,to-read,to-read (#82),to-read
Katrina,The Bread Baker's Apprentice: Mastering the Art of Extraordinary Bread,Peter Reinhart,1580082688,0,4.27,Ten Speed Press,320,2001,10/28/18,to-read,to-read (#81),to-read
Katrina,Schindler's List,Thomas Keneally,340606517,0,4.35,Sceptre,429,1994,10/22/18,to-read,to-read (#80),to-read
Katrina,Factfulness: Ten Reasons We're Wrong About the World – and Why Things Are Better Than You Think,Hans Rosling,1473637465,5,4.36,Sceptre,342,2018,5/14/18,,,read
Katrina,Views of the Cordilleras and Monuments of the Indigenous Peoples of the Americas: A Critical Edition,Alexander von Humboldt,226865061,0,5,University of Chicago Press,664,2013,10/1/18,to-read,to-read (#79),to-read
Katrina,The Invention of Nature: Alexander von Humboldt's New World,Andrea Wulf,038535066X,0,4.33,Knopf,473,2015,10/1/18,to-read,to-read (#78),to-read
Katrina,Sourdough School,Vanessa Kimbell,857833669,0,4.26,Kyle Cathie,320,2017,9/20/18,to-read,to-read (#77),to-read
Katrina,The Art of Fermentation: An in-Depth Exploration of Essential Concepts and Processes from Around the World,Sandor Ellix Katz,160358286X,0,4.42,Chelsea Green Publishing,528,2012,9/20/18,to-read,to-read (#76),to-read
Katrina,The Lost Valley,Hannes Taugwalder,3906337227,4,4.25,,,,9/6/18,,,read
Katrina,The Endurance: Shackleton's Legendary Antarctic Expedition,Caroline Alexander,375404031,0,4.32,Knopf,224,1998,8/15/18,to-read,to-read (#75),to-read
Katrina,"Call the Midwife Boxed Set: Call the Midwife, Shadows of the Workhouse, Farewell to the East End",Jennifer Worth,1780224842,0,4.42,Orion Publishing Group,800,2012,8/3/18,to-read,to-read (#74),to-read
Katrina,A Tree Grows in Brooklyn,Betty  Smith,61120073,0,4.26,HarperCollins Publishers,496,2006,8/3/18,to-read,to-read (#73),to-read
Katrina,Kitchen Confidential: Adventures in the Culinary Underbelly,Anthony Bourdain,60899220,0,4.07,Ecco/Harper Perennial,312,2007,8/3/18,to-read,to-read (#72),to-read
Katrina,Awakening East,Johanna Garton,989373290,4,4.26,Marcinson Press,372,2015,3/5/18,,,read
Katrina,Walking the Nile,Levison Wood,1471135667,0,4.11,Simon & Schuster UK,320,2015,7/22/18,to-read,to-read (#71),to-read
Katrina,The Oregon Trail: A New American Journey,Rinker Buck,1451659164,0,3.81,Simon  Schuster,451,2015,7/22/18,to-read,to-read (#70),to-read
Katrina,The Man Who Knew Infinity: A Life of the Genius Ramanujan,Robert Kanigel,349104522,0,4.16,Abacus,438,1992,7/12/18,to-read,to-read (#69),to-read
Katrina,So You Want to Talk About Race,Ijeoma Oluo,1580056776,0,4.52,Seal Press,248,2018,6/4/18,to-read,to-read (#68),to-read
Katrina,Hidden Figures,Margot Lee Shetterly,62363603,0,3.96,William Morrow Paperbacks,368,2016,6/4/18,to-read,to-read (#67),to-read
Katrina,Everything Under the Heavens: How the Past Helps Shape China’s Push for Global Power,Howard W. French,1911344331,0,3.98,Scribe UK,352,2017,6/4/18,to-read,to-read (#66),to-read
Katrina,"Mountain Madness: Scott Fischer, Mount Everest & a Life Lived on High",Robert Birkby,806528753,5,4,Citadel Press,342,2008,2/3/18,,,read
Katrina,Growing a Farmer: How I Learned to Live Off the Land,Kurt Timmermeister,393070859,0,3.68,W. W. Norton  Company,335,2011,5/15/18,to-read,to-read (#65),to-read
Katrina,Hiking Washington's Fire Lookouts,Amber Casali,1680510606,0,4.33,Mountaineers Books,208,2018,5/15/18,to-read,to-read (#64),to-read
Katrina,Zero Waste Home: The Ultimate Guide to Simplifying Your Life by Reducing Your Waste,Bea Johnson,1451697686,0,3.82,Scribner,304,2013,5/14/18,to-read,to-read (#63),to-read
Katrina,"Mémoires de la Grande Guerre, Tome 2 - 1915-1918",Winston S. Churchill,,0,4.44,TALLANDIER,672,2014,2/24/16,to-read,to-read (#5),to-read
Katrina,A Walk in the Woods: Rediscovering America on the Appalachian Trail,Bill Bryson,307279464,0,4.06,Anchor Books,397,2006,4/30/18,to-read,to-read (#62),to-read
Katrina,Keeper of the Mountains: The Elizabeth Hawley Story,Bernadette McDonald,1927330157,0,3.51,RMB | Rocky Mountain Books,256,2012,4/29/18,to-read,to-read (#61),to-read
Katrina,Reinhold Messner: My Life at the Limit,Reinhold Messner,1594858527,0,3.8,Mountaineers Books,251,2014,4/29/18,to-read,to-read (#60),to-read
Katrina,"Himalayan Quest: Ed Viesturs on the 8,000-Meter Giants",Ed Viesturs,792268849,0,4.08,National Geographic,176,2003,4/29/18,to-read,to-read (#59),to-read
Katrina,"All Fourteen 8,000ers",Reinhold Messner,089886660X,0,4.12,Mountaineers Books,248,1999,4/29/18,to-read,to-read (#58),to-read
Katrina,The Climb: Tragic Ambitions on Everest,Anatoli Boukreev,312965338,0,3.93,St. Martin's Paperbacks,297,1998,4/29/18,to-read,to-read (#57),to-read
Katrina,Junji Ito's Cat Diary: Yon & Mu,Junji Ito,1632361973,4,4.13,Kodansha Comics,120,2015,4/13/18,,,read
Katrina,How to Write a Book Proposal: The Insider's Step-by-Step Guide to Proposals that Get You Published,Jody Rein,,0,4.3,Writer's Digest Books,338,2017,2/18/18,,,read
Katrina,12 Rules for Life: An Antidote to Chaos,Jordan B. Peterson,345816021,0,3.96,Random House Canada,409,2018,4/7/18,to-read,to-read (#56),to-read
Katrina,Maps of Meaning: The Architecture of Belief,Jordan B. Peterson,415922224,0,4.11,Routledge,564,1999,4/7/18,to-read,to-read (#55),to-read
Katrina,Buried in the Sky: The Extraordinary Story of the Sherpa Climbers on K2's Deadliest Day,Peter Zuckerman,393079880,0,4.16,W. W. Norton  Company,286,2012,4/6/18,to-read,to-read (#54),to-read
Katrina,The Bond,Simon McCartney,1680510916,0,4.61,Mountaineers Books,,2016,4/6/18,to-read,to-read (#53),to-read
Katrina,The Rape of Nanking,Iris Chang,140277447,0,4.12,Penguin Books,290,1998,3/16/18,to-read,to-read (#52),to-read
Katrina,Lion,Saroo Brierley,143429353,0,4.12,Penguin Random House India,288,,3/16/18,to-read,to-read (#51),to-read
Katrina,The Guest Cat,Takashi Hiraide,811221504,0,3.52,New Directions,140,2014,3/12/18,to-read,to-read (#50),to-read
Katrina,Being Mortal: Medicine and What Matters in the End,Atul Gawande,805095152,0,4.45,Metropolitan Books,282,2014,3/12/18,to-read,to-read (#49),to-read
Katrina,"Alice Waters and Chez Panisse: The Romantic, Impractical, Often Eccentric, Ultimately Brilliant Making of a Food Revolution",Thomas McNamee,1594201153,3,3.86,"Penguin Press HC, The",400,2007,1/22/18,,,read
Katrina,"Animal, Vegetable, Miracle: A Year of Food Life",Barbara Kingsolver,60852550,0,4.04,HarperCollins Publishers,370,2007,1/30/18,to-read,to-read (#48),to-read
Katrina,No Shortcuts to the Top: Climbing the World's 14 Highest Peaks,Ed Viesturs,767924703,0,4.08,Broadway Books,368,2006,1/30/18,to-read,to-read (#47),to-read
Katrina,Leaving Microsoft to Change the World: An Entrepreneur's Odyssey to Educate the World's Children,John Wood,006112107X,0,4.08,HarperBusiness,272,2006,1/25/18,to-read,to-read (#46),to-read
Katrina,Into Thin Air: A Personal Account of the Mount Everest Disaster,Jon Krakauer,385494785,5,4.16,Anchor Books,368,1999,4/4/17,,,read
Katrina,Honeymoon with My Brother,Franz Wisner,312320906,0,3.5,St. Martin's Press,274,2005,1/12/18,to-read,to-read (#45),to-read
Katrina,The Wright Brothers,David McCullough,1476728747,0,4.14,Simon  Schuster,320,2015,1/10/18,to-read,to-read (#44),to-read
Katrina,Beatrix Potter: A Life in Nature,Linda Lear,312369344,4,4.03,St. Martin's Press,584,2007,1/10/18,,,read
Katrina,Gratitude,Oliver Sacks,345811364,0,4.15,Knopf Canada,64,2015,9/8/17,,,read
Katrina,My Life in France,Julia Child,1400043468,0,4.17,Knopf Publishing Group,336,2006,9/8/17,,,read
Katrina,"Mud, Sweat and Tears",Bear Grylls,190502648X,5,4.15,Transworld Publishers Ltd,352,2011,2/24/16,,,read
Katrina,"Rowing the Northwest Passage: Adventure, Fear, and Awe in a Rising Sea",Kevin Vallely,1771641347,5,3.71,Greystone Books,224,2017,12/20/17,,,read
Katrina,Patch Adams,Patch Adams,,0,3.99,Bentang Pustaka,310,2008,6/15/17,to-read,to-read (#36),to-read
Katrina,The Radium Girls: The Dark Story of America's Shining Women,Kate  Moore,149264935X,0,4.16,Sourcebooks,479,2017,12/5/17,to-read,to-read (#43),to-read
Katrina,Astrophysics for People in a Hurry,Neil deGrasse Tyson,393609391,0,4.1,W. W. Norton  Company,224,2017,12/5/17,to-read,to-read (#42),to-read
Katrina,The Miracles of Exodus: A Scientist's Discovery of the Extraordinary Natural Causes of the Biblical Stories,Colin J. Humphreys,60582731,0,3.9,HarperOne,368,2004,11/20/17,to-read,to-read (#41),to-read
Katrina,Apollo 8: The Thrilling Story of the First Mission to the Moon,Jeffrey Kluger,1627798323,0,4.41,Henry Holt and Co.,320,2017,11/16/17,to-read,to-read (#40),to-read
Katrina,Gates of Fire: An Epic Novel of the Battle of Thermopylae,Steven Pressfield,055338368X,0,4.41,Bantam,392,2005,11/16/17,to-read,to-read (#39),to-read
Katrina,"Do Androids Dream of Electric Sheep? (Blade Runner, #1)",Philip K. Dick,345404475,0,4.08,Del Rey / Ballantine Books,244,1996,10/16/17,to-read,to-read (#38),to-read
Katrina,The Elephant Whisperer,Lawrence Anthony,283070870,0,4.46,Sidgwick & Jackson Ltd,368,2009,7/13/17,to-read,to-read (#37),to-read
Katrina,The Singapore Story: Memoirs of Lee Kuan Yew,Lee Kuan Yew,130208035,0,4.24,Pearson Ed Asia,680,1998,6/14/17,to-read,to-read (#35),to-read
Katrina,The Unsettling of America: Culture and Agriculture,Wendell Berry,871568772,0,4.37,Counterpoint,246,2004,3/23/16,to-read,to-read (#34),to-read
Katrina,Wonders of Life: Exploring the Most Extraordinary Phenomenon in the Universe,Brian Cox,62241788,0,4.43,Harper Design,288,2013,5/8/17,to-read,to-read (#33),to-read
Katrina,Wonders of the Solar System,Brian Cox,7386907,0,4.38,Collins,256,2010,5/8/17,to-read,to-read (#32),to-read
Katrina,Kon-Tiki,Thor Heyerdahl,671726528,0,4.12,Rand McNally,240,1990,4/4/17,to-read,to-read (#31),to-read
Katrina,Plot 29: A Memoir,Allan Jenkins,,0,4.04,Fourth Estate,352,2017,4/1/17,to-read,to-read (#30),to-read
Katrina,The Wealthy Barber Returns,David Chilton,968394744,0,3.86,Financial Awareness Corporation,224,2011,3/18/17,to-read,to-read (#29),to-read
Katrina,"The Pillars of the Earth (Kingsbridge, #1)",Ken Follett,451207149,0,4.31,NAL Trade,976,2002,3/16/17,to-read,to-read (#28),to-read
Katrina,"Letters to a Young Farmer: On Food, Farming, and Our Future",Martha Hodgkins,1616895306,0,4.21,Princeton Architectural Press,176,2017,3/9/17,to-read,to-read (#27),to-read
Katrina,Ali in Wonderland: And Other Tall Tales,Ali Wentworth,61998575,3,3.45,Harper,272,2012,3/1/17,,,read
Katrina,Human Universe,Brian Cox,7488807,0,4.3,William Collins,288,2014,2/6/17,to-read,to-read (#26),to-read
Katrina,On the Move: A Life,Oliver Sacks,385352549,5,4.06,Knopf,397,2015,2/24/16,,,read
Katrina,The Horrors and Absurdities of Religion,Arthur Schopenhauer,141191597,0,3.88,Penguin Classics,106,2009,1/29/17,to-read,to-read (#25),to-read
Katrina,The Gulag Archipelago 1918–1956 (Abridged),Aleksandr I. Solzhenitsyn,60007761,0,4.23,HarperCollins,472,2002,1/29/17,to-read,to-read (#24),to-read
Katrina,Wild Swans: Three Daughters of China,Jung Chang,743246985,5,4.25,Simon  Schuster,562,2003,2/24/16,,,read
Katrina,"No Place to Hide: Edward Snowden, the NSA, and the U.S. Surveillance State",Glenn Greenwald,162779073X,0,4.08,Metropolitan Books/Henry Holt (NY),260,2014,1/8/17,to-read,to-read (#23),to-read
Katrina,What Do You Want to Do Before You Die?,The Buried Life,1579654762,5,4.05,Artisan,224,2012,1/4/17,,,read
Katrina,What Do You Care What Other People Think?,Richard P. Feynman,393320928,5,4.27,W.W. Norton & Company,256,2001,3/15/16,,,read
Katrina,The Pursuit of Happyness,Chris Gardner,60744871,0,4.19,Amistad,320,2006,3/6/16,,,read
Katrina,"Surely You're Joking, Mr. Feynman!: Adventures of a Curious Character",Richard P. Feynman,393316041,5,4.27,W. W. Norton & Company,391,1997,3/15/16,,,read
Katrina,My Life as an Explorer,Roald Amundsen,1848680597,0,3.69,Amberley Publishing,160,2008,11/30/16,,,read
Katrina,The Omnivore's Dilemma: A Natural History of Four Meals,Michael Pollan,1594200823,0,4.18,The Penguin Press,450,2006,3/10/16,,,read
Katrina,In Defense of Food: An Eater's Manifesto,Michael Pollan,1594201455,5,4.08,Penguin Press,205,2008,12/14/16,,,read
Katrina,Escape from Camp 14: One Man's Remarkable Odyssey from North Korea to Freedom in the West,Blaine Harden,670023329,0,4,Viking,205,2012,12/14/16,to-read,to-read (#22),to-read
Katrina,The Apprentice: My Life in the Kitchen,Jacques Pépin,618444114,0,4.18,Rux Martin/Houghton Mifflin Harcourt,352,2004,10/9/16,,,read
Katrina,Incarnations: A History of India in Fifty Lives,Sunil Khilnani,374175497,0,4.06,"Farrar, Straus and Giroux",464,2016,11/30/16,to-read,to-read (#21),to-read
Katrina,The Royal Cookery Book (Le livre de cuisine),Jules Gouffe,1402178115,0,0,Adamant Media Corporation,618,2001,6/19/16,to-read,to-read (#20),to-read
Katrina,Fast Food Nation: The Dark Side of the All-American Meal,Eric Schlosser,60838582,0,3.74,Harper Perennial,399,2005,4/25/16,to-read,to-read (#19),to-read
Katrina,La Trilogie des Fourmis,Bernard Werber,2253072982,0,4.22,Livre de Poche,1398,2004,4/20/16,to-read,to-read (#18),to-read
Katrina,A Short History of Nearly Everything,Bill Bryson,076790818X,0,4.2,Broadway Books,544,2004,3/13/16,to-read,to-read (#17),to-read
Katrina,The Third Plate: Field Notes on the Future of Food,Dan Barber,1594204071,5,4.25,Penguin Press,496,2014,3/10/16,,,read
Katrina,Catching Fire: How Cooking Made Us Human,Richard W. Wrangham,,0,3.86,Basic Books,309,2009,3/27/16,to-read,to-read (#16),to-read
Katrina,Pure Food: Securing the Federal Food and Drugs Act of 1906,James Harvey Young,691047634,0,3.5,Princeton University Press,326,1989,3/26/16,to-read,to-read (#15),to-read
Katrina,An Apple a Day,Joe Schwarcz,2007649,0,3.56,HarperCollins,384,2007,3/26/16,to-read,to-read (#14),to-read
Katrina,Agricultural Testament,Albert Howard,087857722X,0,4.05,Rodale Pr,0,1973,3/26/16,to-read,to-read (#13),to-read
Katrina,The Battle for God: A History of Fundamentalism,Karen Armstrong,345391691,0,3.93,Ballantine Books,480,2001,3/23/16,to-read,to-read (#12),to-read
Katrina,An Atheist History of Religion,Thomas Dugan,1478732733,0,0,Outskirts Press,202,2014,3/23/16,to-read,to-read (#11),to-read
Katrina,Battling the Gods: Atheism in the Ancient World,Tim Whitmarsh,307958337,0,3.78,Knopf,304,2015,3/23/16,to-read,to-read (#10),to-read
Katrina,Cooked: A Natural History of Transformation,Michael Pollan,1594204217,5,4.02,The Penguin Press HC,468,2013,2/24/16,,,read
Katrina,Catch Me If You Can: The True Story of a Real Fake,Frank W. Abagnale,1840187166,0,4.07,Mainstream Publishing,224,2003,3/6/16,,,read
Katrina,Modernist Cuisine at Home,Nathan Myhrvold,982761015,0,4.51,Cooking Lab,456,2012,2/27/16,to-read,to-read (#9),to-read
Katrina,1984,George Orwell,,0,4.17,New American Library,328,1950,2/26/16,to-read,to-read (#8),to-read
Katrina,Mémoires de guerre Tome 2 1941-1945 (Texto),Winston S. Churchill,,0,4.44,Tallandier,966,2015,2/24/16,to-read,to-read (#7),to-read
Katrina,Mémoires de guerre Tome 1 1919-1941 (Texto),Winston S. Churchill,,0,4.22,Tallandier,688,2015,2/24/16,to-read,to-read (#6),to-read
Katrina,Mémoires de la Grande Guerre: 1911-1915,Winston S. Churchill,,0,4.67,Tallandier,614,2014,2/24/16,to-read,to-read (#4),to-read
Katrina,The Food Lab: Better Home Cooking Through Science,J. Kenji López-Alt,393081087,0,4.5,W. W. Norton  Company,960,2015,2/24/16,to-read,to-read (#3),to-read
Katrina,The Professional Chef,Culinary Institute of America,471382574,0,4.26,John Wiley & Sons,1036,2001,2/24/16,to-read,to-read (#2),to-read
Katrina,New Larousse Gastronomique,Hamlyn Publishing Group,600620425,0,4.59,Hamlyn (UK),1216,2009,2/24/16,to-read,to-read (#1),to-read
Katrina,Nothing to Envy: Ordinary Lives in North Korea,Barbara Demick,385523904,5,4.43,Spiegel & Grau,316,2009,2/24/16,,,read
Katrina,Life of Pi,Yann Martel,770430074,4,3.9,Seal Books,460,2006,2/24/16,,,read
Katrina,"The Three Musketeers (The D'Artagnan Romances, #1)",Alexandre Dumas,,5,4.07,Modern Library,625,2001,2/24/16,,,read
Katrina,The Count of Monte Cristo,Alexandre Dumas,140449264,5,4.24,Penguin Classics,1276,2003,2/24/16,,,read
Katrina,Desert Flower,Waris Dirie,688172377,5,4.14,William Morrow Paperbacks,240,2011,2/24/16,,,read
Katrina,A Long Way Gone: Memoirs of a Boy Soldier,Ishmael Beah,374105235,5,4.15,Sarah Crichton Books,229,2007,2/24/16,,,read
Katrina,Wild: From Lost to Found on the Pacific Crest Trail,Cheryl Strayed,307592731,5,3.99,Knopf,315,2012,2/24/16,,,read
Katrina,Steve & Me,Terri Irwin,1416953884,5,4.3,Simon Spotlight Entertainment,273,2007,2/24/16,,,read
Katrina,Tracks: A Woman's Solo Trek Across 1700 Miles of Australian Outback,Robyn Davidson,679762876,5,3.93,Vintage,288,1995,2/24/16,,,read
Katrina,Pink Boots and a Machete: My Journey from NFL Cheerleader to National Geographic Explorer,Mireya Mayor,1426207212,4,3.71,National Geographic Society,301,2011,2/24/16,,,read
Katrina,Tropic of Capricorn,Simon Reeve,1846074401,5,3.95,BBC Books,376,2008,2/24/16,,,read
Jen,"Better Than Before: What I Learned About Making and Breaking Habits - to Sleep More, Quit Sugar, Procrastinate Less, and Generally Build a Happier Life",Gretchen Rubin,1444769014,0,3.84,Hodder & Stoughton General Division,304,2016,7/30/19,to-read,to-read (#420),to-read
Jen,"The Four Tendencies: The Indispensable Personality Profiles That Reveal How to Make Your Life Better (and Other People's Lives Better, Too)",Gretchen Rubin,0525496289,0,3.85,Books on Tape,7,2017,7/30/19,to-read,to-read (#419),to-read
Jen,How to Be Everything: A Guide for Those Who (Still) Don't Know What They Want to Be When They Grow Up,Emilie Wapnick,0062566687,0,3.87,HarperOne,240,2017,7/30/19,to-read,to-read (#418),to-read
Jen,Born for This: How to Find the Work You Were Meant to Do,Chris Guillebeau,1101903988,0,3.61,Crown Business,320,2016,7/30/19,to-read,to-read (#417),to-read
Jen,"The $100 Startup: Reinvent the Way You Make a Living, Do What You Love, and Create a New Future",Chris Guillebeau,0307951529,0,3.83,Crown Business,268,2012,7/30/19,to-read,to-read (#416),to-read
Jen,Side Hustle: From Idea to Income in 27 Days,Chris Guillebeau,1524758841,0,3.77,Currency,272,2017,7/30/19,to-read,to-read (#415),to-read
Jen,"The Once and Future King (The Once and Future King, #1-4)",T.H. White,0441627404,0,4.08,Ace,639,1987,7/11/19,to-read,to-read (#414),to-read
Jen,1Q84,Haruki Murakami,0307593312,0,3.92,Knopf,925,2011,7/11/19,to-read,to-read (#413),to-read
Jen,Kafka on the Shore,Haruki Murakami,1400079276,0,4.13,Vintage International,467,2006,7/11/19,to-read,to-read (#412),to-read
Jen,His Dark Materials (His Dark Materials #1-3),Philip Pullman,0440238609,0,4.25,Laurel Leaf Library,1088,2003,7/11/19,to-read,to-read (#411),to-read
Jen,The Martian Chronicles,Ray Bradbury,0553278223,0,4.14,Bantam/Spectra,182,1984,7/11/19,to-read,to-read (#410),to-read
Jen,Johnny Got His Gun,Dalton Trumbo,0806512814,0,4.17,Citadel,309,2000,7/11/19,to-read,to-read (#409),to-read
Jen,"The Foundation Trilogy (Foundation, #1-3)",Isaac Asimov,0380508567,0,4.4,,679,1974,7/11/19,to-read,to-read (#408),to-read
Jen,"Guns, Germs, and Steel: The Fates of Human Societies",Jared Diamond,0739467352,0,4.02,W.W. Norton & Company,425,2005,7/11/19,to-read,to-read (#407),to-read
Jen,"Good Omens: The Nice and Accurate Prophecies of Agnes Nutter, Witch",Terry Pratchett,,0,4.25,William Morrow,491,2006,7/11/19,to-read,to-read (#406),to-read
Jen,Cat's Cradle,Kurt Vonnegut,0140285601,0,4.17,Penguin,306,1999,7/11/19,to-read,to-read (#405),to-read
Jen,Speak,Laurie Halse Anderson,014131088X,0,4.02,Puffin,202,2001,7/11/19,to-read,to-read (#404),to-read
Jen,A Little Princess,Frances Hodgson Burnett,0142437018,0,4.2,Penguin Books,242,2002,7/11/19,to-read,to-read (#403),to-read
Jen,The World According to Garp,John Irving,0345915593,0,4.08,Ballantine Books,610,1999,7/11/19,to-read,to-read (#402),to-read
Jen,The Autobiography of Malcolm X,Malcolm X,,0,4.31,Ballantine Books,466,,7/11/19,to-read,to-read (#401),to-read
Jen,The Phantom Tollbooth,Norton Juster,0394820371,0,4.21,Random House Bullseye Books,256,1996,7/11/19,to-read,to-read (#400),to-read
Jen,Stranger in a Strange Land,Robert A. Heinlein,0441788386,0,3.92,Ace,528,1991,7/11/19,to-read,to-read (#399),to-read
Jen,The Glass Castle,Jeannette Walls,074324754X,0,4.26,Scribner,288,2006,7/11/19,to-read,to-read (#398),to-read
Jen,"The Shadow of the Wind (The Cemetery of Forgotten Books, #1)",Carlos Ruiz Zafón,0143034901,0,4.26,Penguin Books,487,2005,7/11/19,to-read,to-read (#397),to-read
Jen,The Divine Comedy,Dante Alighieri,0679433139,0,4.07,Everyman's Library,798,1995,7/11/19,to-read,to-read (#396),to-read
Jen,A Prayer for Owen Meany,John Irving,0552135399,0,4.23,Black Swan,637,1990,7/11/19,to-read,to-read (#395),to-read
Jen,The Bell Jar,Sylvia Plath,,0,4,Harper Perennial Modern Classics,294,2006,7/11/19,to-read,to-read (#394),to-read
Jen,Man's Search for Meaning,Viktor E. Frankl,080701429X,0,4.36,Beacon Press,165,2006,7/11/19,to-read,to-read (#393),to-read
Jen,"Watership Down (Watership Down, #1)",Richard  Adams,038039586X,0,4.05,Avon Books,478,1975,7/11/19,to-read,to-read (#392),to-read
Jen,East of Eden,John Steinbeck,0142000655,0,4.37,Penguin Books,601,2002,7/11/19,to-read,to-read (#391),to-read
Jen,Sense and Sensibility,Jane Austen,,0,4.07,Penguin Books,409,2003,7/11/19,to-read,to-read (#390),to-read
Jen,The Perks of Being a Wallflower,Stephen Chbosky,,0,4.2,MTV Books/Pocket Books,213,1999,7/11/19,to-read,to-read (#389),to-read
Jen,"I Know Why the Caged Bird Sings (Maya Angelou's Autobiography, #1)",Maya Angelou,0553279378,0,4.22,Bantam Books,289,1993,7/11/19,to-read,to-read (#388),to-read
Jen,All Quiet on the Western Front,Erich Maria Remarque,0449213943,0,3.96,Ballantine,296,1987,7/11/19,to-read,to-read (#387),to-read
Jen,A Tree Grows in Brooklyn,Betty  Smith,0061120073,0,4.26,HarperCollins Publishers,496,2006,7/11/19,to-read,to-read (#386),to-read
Jen,Siddhartha,Hermann Hesse,,0,4.01,Bantam Books,152,1981,7/11/19,to-read,to-read (#385),to-read
Jen,The Grapes of Wrath,John Steinbeck,067001690X,0,3.96,Viking,479,2014,7/11/19,to-read,to-read (#384),to-read
Jen,The Handmaid's Tale,Margaret Atwood,,0,4.1,Anchor Books,344,1998,7/11/19,to-read,to-read (#383),to-read
Jen,Frankenstein,Mary Wollstonecraft Shelley,,0,3.79,Penguin Classics,288,2018,7/11/19,,,read
Jen,One Hundred Years of Solitude,Gabriel García Márquez,0060531045,0,4.06,Harper,417,2003,7/11/19,to-read,to-read (#382),to-read
Jen,Crime and Punishment,Fyodor Dostoyevsky,0143058142,0,4.21,Penguin,671,2002,7/11/19,to-read,to-read (#381),to-read
Jen,Brave New World / Brave New World Revisited,Aldous Huxley,0060776099,0,4.16,Harper Perennial Modern Classics,340,2005,7/11/19,to-read,to-read (#380),to-read
Jen,The Picture of Dorian Gray,Oscar Wilde,0375751513,0,4.07,Random House: Modern Library,272,2004,7/11/19,to-read,to-read (#379),to-read
Jen,Little Women,Louisa May Alcott,0451529308,0,4.06,Signet Classics,449,2004,7/11/19,to-read,to-read (#378),to-read
Jen,Animal Farm,George Orwell,0452284244,0,3.92,NAL,122,2003,7/11/19,,,read
Jen,Jane Eyre,Charlotte Brontë,0142437204,0,4.12,Penguin,532,2003,7/11/19,to-read,to-read (#377),to-read
Jen,The Great Gatsby,F. Scott Fitzgerald,,0,3.91,Scribner,180,2004,7/11/19,,,read
Jen,"To Kill a Mockingbird (To Kill a Mockingbird, #1)",Harper Lee,,0,4.27,Harper Perennial Modern Classics,324,2006,7/11/19,,,read
Jen,The Obstacle Is the Way: The Timeless Art of Turning Trials into Triumph,Ryan Holiday,1591846358,0,4.14,Portfolio,201,2014,7/11/19,to-read,to-read (#376),to-read
Jen,Why We Sleep: Unlocking the Power of Sleep and Dreams,Matthew Walker,1501144316,0,4.47,Scribner,368,2017,7/11/19,to-read,to-read (#375),to-read
Jen,Atomic Habits: An Easy & Proven Way to Build Good Habits & Break Bad Ones,James Clear,,0,4.32,Avery,319,2018,7/11/19,to-read,to-read (#374),to-read
Jen,The Millionaire Next Door: The Surprising Secrets of America's Wealthy,Thomas J. Stanley,0671015206,0,4.02,Gallery Books,258,1998,7/11/19,to-read,to-read (#373),to-read
Jen,The Millionaire Mind,Thomas J. Stanley,0740718584,0,4.18,Andrews McMeel Publishing,416,2001,7/11/19,to-read,to-read (#372),to-read
Jen,Ego Is the Enemy,Ryan Holiday,1591847818,0,4.14,Portfolio,226,2016,7/11/19,to-read,to-read (#371),to-read
Jen,The Power of Habit: Why We Do What We Do in Life and Business,Charles Duhigg,1400069289,0,4.08,Random House,375,2012,7/11/19,to-read,to-read (#370),to-read
Jen,The War of Art: Break Through the Blocks & Win Your Inner Creative Battles,Steven Pressfield,0446691437,0,4.01,Warner Books,168,2003,7/11/19,to-read,to-read (#369),to-read
Jen,The Art of War,Sun Tzu,1590302257,0,3.97,Shambhala,273,2005,7/11/19,to-read,to-read (#368),to-read
Jen,"Delivering Happiness: A Path to Profits, Passion, and Purpose",Tony Hsieh,0446563048,0,3.98,Grand Central Publishing,246,2010,7/11/19,to-read,to-read (#367),to-read
Jen,The Mastery of Love: A Practical Guide to the Art of Relationship --Toltec Wisdom Book,Miguel Ruiz,1878424440,0,4.27,Amber-Allen Publishing,240,2002,7/11/19,to-read,to-read (#366),to-read
Jen,Originals: How Non-Conformists Move the World,Adam M. Grant,0525429565,0,3.97,Viking,326,2016,7/11/19,to-read,to-read (#365),to-read
Jen,Autobiography of a Yogi,Paramahansa Yogananda,0876120834,0,4.23,Self-Realization Fellowship Publishers,448,1994,7/11/19,to-read,to-read (#364),to-read
Jen,The 4-Hour Workweek,Timothy Ferriss,0307353133,0,3.87,Harmony Books,308,2007,7/11/19,to-read,to-read (#363),to-read
Jen,The Magic of Thinking Big,David J. Schwartz,0671646788,0,4.23,Touchstone,320,1987,7/11/19,to-read,to-read (#362),to-read
Jen,"Silver Borne (Mercy Thompson, #5)",Patricia Briggs,044101819X,5,4.38,Ace Books,342,2010,2/22/17,,,read
Jen,"Moon Called (Mercy Thompson, #1)",Patricia Briggs,0441013813,5,4.17,Ace Books,289,2006,2/22/17,,,read
Jen,"Bone Crossed (Mercy Thompson, #4)",Patricia Briggs,,4,4.34,Ace,303,2009,2/22/17,,,read
Jen,"Iron Kissed (Mercy Thompson, #3)",Patricia Briggs,0441015662,4,4.37,Ace Books,287,2008,2/22/17,,,read
Jen,"Blood Bound (Mercy Thompson, #2)",Patricia Briggs,0441014739,5,4.31,Ace,292,2007,2/22/17,,,read
Jen,"River Marked (Mercy Thompson, #6)",Patricia Briggs,1841497975,0,4.28,Orbit,326,2011,2/22/17,currently-reading,currently-reading (#1),currently-reading
Jen,"The Autumn Republic (Powder Mage, #3)",Brian  McClellan,0316219126,5,4.37,Orbit,580,2015,8/3/16,,,read
Jen,"The Crimson Campaign (Powder Mage, #2)",Brian  McClellan,0356502023,5,4.36,Orbit,596,2014,8/1/16,,,read
Jen,"Promise of Blood (Powder Mage, #1)",Brian  McClellan,0316219037,4,4.15,Orbit,545,2013,11/4/13,,,read
Jen,"Hounded (The Iron Druid Chronicles, #1)",Kevin Hearne,0345522478,0,4.11,Del Rey,304,2011,4/17/14,to-read,to-read (#361),to-read
Jen,"A Storm of Swords (A Song of Ice and Fire, #3)",George R.R. Martin,055357342X,0,4.54,Bantam,1177,2003,8/9/15,to-read,to-read (#360),to-read
Jen,"The Battle of the Labyrinth (Percy Jackson and the Olympians, #4)",Rick Riordan,,0,4.39,Hyperion Books for Children,361,2008,10/4/14,to-read,to-read (#359),to-read
Jen,"Allegiant (Divergent, #3)",Veronica Roth,006202406X,5,3.63,Katherine Tegen Books,526,2013,12/20/13,,,read
Jen,"Emperor of Thorns (The Broken Empire, #3)",Mark  Lawrence,0007439067,0,4.26,Harper Voyager,592,2013,7/29/13,to-read,to-read (#4),to-read
Jen,"A Clash of Kings  (A Song of Ice and Fire, #2)",George R.R. Martin,0553381695,4,4.41,Bantam,784,2002,6/10/15,,,read
Jen,"A Game of Thrones (A Song of Ice and Fire, #1)",George R.R. Martin,0553588486,5,4.45,Bantam,835,2005,12/30/12,,,read
Jen,"If I Stay (If I Stay, #1)",Gayle Forman,014241543X,4,3.95,Speak,261,2010,7/15/14,,,read
Jen,"The Ruby Circle (Bloodlines, #6)",Richelle Mead,159514322X,4,4.23,Razorbill,348,2015,2/24/15,,,read
Jen,"Silver Shadows (Bloodlines, #5)",Richelle Mead,1595143211,5,4.36,Razorbill,380,2014,1/4/15,,,read
Jen,"The Fiery Heart (Bloodlines, #4)",Richelle Mead,1595143203,5,4.37,Penguin Group,420,2013,1/2/15,,,read
Jen,"The Indigo Spell (Bloodlines, #3)",Richelle Mead,159514319X,5,4.39,Razorbill / Penguin Group,401,2013,1/2/15,,,read
Jen,"The Golden Lily (Bloodlines, #2)",Richelle Mead,1595143181,5,4.35,Penguin Group,418,2012,1/2/15,,,read
Jen,"Bloodlines (Bloodlines, #1)",Richelle Mead,1595143173,4,4.21,Penguin Group,421,2011,12/29/14,,,read
Jen,"Last Sacrifice (Vampire Academy, #6)",Richelle Mead,1595143068,5,4.4,Razorbill,594,2010,9/21/14,,,read
Jen,"Lock In (Lock In, #1)",John Scalzi,0765375869,0,3.88,Tor Books,336,2014,10/1/14,to-read,to-read (#358),to-read
Jen,"City of Stairs (The Divine Cities, #1)",Robert Jackson Bennett,080413717X,0,4.11,Broadway Books,452,2014,9/21/14,to-read,to-read (#357),to-read
Jen,"Spirit Bound (Vampire Academy, #5)",Richelle Mead,1595142509,5,4.36,Penguin Razorbill,489,2010,9/13/14,,,read
Jen,"Blood Promise (Vampire Academy, #4)",Richelle Mead,1595141987,5,4.34,Penguin Razorbill,503,2009,9/5/14,,,read
Jen,"World of Fire (Dev Harmer Mission, #1)",James Lovegrove,,4,3.67,Rebellion,324,2014,7/28/14,,,read
Jen,"Shadow Kiss (Vampire Academy, #3)",Richelle Mead,1595141979,5,4.36,Razorbill,443,2008,8/30/14,,,read
Jen,"Feast of Souls (The Magister Trilogy, #1)",C.S. Friedman,0756404320,0,3.89,DAW,464,2007,8/30/14,to-read,to-read (#356),to-read
Jen,"Black Sun Rising (The Coldfire Trilogy, #1)",C.S. Friedman,0756403146,0,3.93,Daw Books,496,2005,8/30/14,to-read,to-read (#355),to-read
Jen,"Frostbite (Vampire Academy, #2)",Richelle Mead,,4,4.29,Razorbill,327,2008,8/29/14,,,read
Jen,"The Fire Prince (The Cursed Kingdoms, #2)",Emily Gee,1781082405,4,3.97,Solaris,559,2014,8/20/14,,,read
Jen,"World of Fire (Dev Harmer Mission, #1)",James Lovegrove,1781082073,4,3.67,Solaris,464,2014,8/25/14,,,read
Jen,"Fire Logic (Elemental Logic, #1)",Laurie J. Marks,081256653X,0,3.85,Tor Books,359,2004,8/23/14,to-read,to-read (#354),to-read
Jen,The Lost Years of Merlin,T.A. Barron,0441010288,0,3.98,Ace,304,2002,8/23/14,to-read,to-read (#353),to-read
Jen,"Key Holder of the Realms (Tales of the Whosawhachits, #1)",Patricia O'Grady,1452025045,0,4.34,Authorhouse,260,2010,8/23/14,to-read,to-read (#352),to-read
Jen,"Running with the Demon (Word & Void, #1)",Terry Brooks,0345379624,0,3.96,Del Rey Books,420,1997,8/23/14,to-read,to-read (#351),to-read
Jen,"The Merchant of Death (Pendragon, #1)",D.J. MacHale,0743437314,0,3.94,Aladdin Paperbacks,375,2002,8/23/14,to-read,to-read (#350),to-read
Jen,"Phoenix Angel (Shardwell, #1)",Amanda Gerry,0615589499,0,4.17,"Scribes of Shardwell, LLC",329,2012,8/23/14,to-read,to-read (#349),to-read
Jen,"Gifts (Annals of the Western Shore, #1)",Ursula K. Le Guin,0152051244,0,3.69,Harcourt,286,2006,8/23/14,to-read,to-read (#348),to-read
Jen,"Empire in Black and Gold (Shadows of the Apt, #1)",Adrian Tchaikovsky,0230704131,0,3.65,TOR,612,2008,8/23/14,to-read,to-read (#347),to-read
Jen,"Falling Kingdoms (Falling Kingdoms, #1)",Morgan Rhodes,1595145842,0,3.81,Razorbill,412,2012,8/23/14,to-read,to-read (#346),to-read
Jen,"Tome of the Undergates (Aeons' Gate, #1)",Sam Sykes,0575090286,0,3.36,Victor Gollancz Science Fiction,612,2010,8/23/14,to-read,to-read (#345),to-read
Jen,"Vampire Academy (Vampire Academy, #1)",Richelle Mead,,5,4.13,Razorbill,332,2013,8/13/14,,,read
Jen,"Among Thieves (Tales of the Kin, #1)",Douglas Hulick,0451463900,0,3.94,Roc,414,2011,8/22/14,to-read,to-read (#344),to-read
Jen,"The Sentinel Mage (The Cursed Kingdoms, #1)",Emily Gee,1907519505,4,3.74,Solaris,509,2011,7/14/14,,,read
Jen,"Blood and Feathers (Blood and Feathers, #1)",Lou Morgan,1781080194,0,3.54,Solaris,384,2012,8/19/14,to-read,to-read (#343),to-read
Jen,"Greatshadow (Dragon Apocalypse, #1)",James Maxey,1907992723,0,3.84,Solaris,416,2012,8/19/14,to-read,to-read (#342),to-read
Jen,"Besieged (The Outcast Chronicles, #1)",Rowena Cory Daniells,1781080119,0,3.83,Solaris,672,2012,8/19/14,to-read,to-read (#341),to-read
Jen,"The King's Bastard (King Rolen's Kin, #1)",Rowena Cory Daniells,1907519017,0,3.63,Solaris,640,2010,8/19/14,to-read,to-read (#340),to-read
Jen,"Irons in the Fire (The Chronicles of the Lescari Revolution, #1)",Juliet E. McKenna,1844166201,0,3.45,Solaris,512,2009,8/19/14,to-read,to-read (#339),to-read
Jen,"Dragons of Autumn Twilight  (Dragonlance: Chronicles, #1)",Margaret Weis,0786915749,0,3.99,Wizards of the Coast,444,2000,8/15/14,to-read,to-read (#338),to-read
Jen,"The Earthsea Quartet (Earthsea Cycle, #1-4)",Ursula K. Le Guin,0140154272,0,4.26,Penguin,691,1993,8/15/14,to-read,to-read (#337),to-read
Jen,"Pawn of Prophecy (The Belgariad, #1)",David Eddings,0345468643,0,4.15,Del Rey,304,2004,8/15/14,to-read,to-read (#336),to-read
Jen,"Blue Moon Rising (Forest Kingdom, #1)",Simon R. Green,0451460553,0,4.09,Ace Books,476,2005,8/15/14,to-read,to-read (#335),to-read
Jen,"Something from the Nightside (Nightside, #1)",Simon R. Green,0441010652,0,3.77,Ace Books,230,2003,8/15/14,to-read,to-read (#334),to-read
Jen,"Daughter of the Empire (The Empire Trilogy, #1)",Raymond E. Feist,055327211X,0,4.27,Spectra,421,1988,8/15/14,to-read,to-read (#333),to-read
Jen,"The Darkness That Comes Before (The Prince of Nothing, #1)",R. Scott Bakker,1585676772,0,3.79,Harry N. Abrams,608,2005,8/15/14,to-read,to-read (#332),to-read
Jen,Deryni Rising (The Chronicles of the Deryni #1),Katherine Kurtz,034525290X,0,3.95,Ballantine Books,271,1976,8/15/14,to-read,to-read (#331),to-read
Jen,"The White Queen (The Plantagenet and Tudor Novels, #2)",Philippa Gregory,1416563687,0,3.92,Atria Books,408,2009,8/15/14,to-read,to-read (#330),to-read
Jen,"Acacia: The War with the Mein (Acacia, #1)",David Anthony Durham,0385506066,0,3.57,Doubleday,576,2007,8/15/14,to-read,to-read (#329),to-read
Jen,"The Archived (The Archived, #1)",Victoria Schwab,1423157311,0,4.01,Hyperion,327,2013,8/13/14,to-read,to-read (#328),to-read
Jen,"The Girl of Fire and Thorns (Fire and Thorns, #1)",Rae Carson,0062026488,0,3.8,Greenwillow,423,2011,8/13/14,to-read,to-read (#327),to-read
Jen,"The Crystal Cave (Arthurian Saga, #1)",Mary  Stewart,0060548258,0,4.13,Eos,494,2003,8/13/14,to-read,to-read (#326),to-read
Jen,"The Blue Blazes (Mookie Pearl, #1)",Chuck Wendig,0857663356,0,3.86,Angry Robot,397,2013,8/7/14,to-read,to-read (#325),to-read
Jen,"Starcrossed (Starcrossed, #1)",Josephine Angelini,0062011995,0,4.07,HarperTeen,487,2011,8/7/14,to-read,to-read (#324),to-read
Jen,The House of Mirth,Edith Wharton,1844082938,0,3.95,Virago,351,2006,8/7/14,to-read,to-read (#323),to-read
Jen,The Stranger,Albert Camus,,0,3.97,Vintage International,123,1989,8/7/14,to-read,to-read (#322),to-read
Jen,The Brief Wondrous Life of Oscar Wao,Junot Díaz,1594489580,0,3.9,Riverhead Books,335,2007,8/7/14,to-read,to-read (#321),to-read
Jen,"Preludes & Nocturnes (The Sandman, #1)",Neil Gaiman,1563892278,0,4.25,Vertigo,233,1998,8/7/14,to-read,to-read (#320),to-read
Jen,The Last Lecture,Randy Pausch,1401323251,0,4.26,Hachette Books,206,2008,8/7/14,to-read,to-read (#319),to-read
Jen,Outliers: The Story of Success,Malcolm Gladwell,0316017922,0,4.14,"Little, Brown and Company",309,2008,8/7/14,to-read,to-read (#318),to-read
Jen,A Short History of Nearly Everything,Bill Bryson,076790818X,0,4.2,Broadway Books,544,2004,8/7/14,to-read,to-read (#317),to-read
Jen,"In the Hand of the Goddess (Song of the Lioness, #2)",Tamora Pierce,0689878567,4,4.24,Simon Pulse,264,2005,8/7/14,,,read
Jen,"Alanna: The First Adventure (Song of the Lioness, #1)",Tamora Pierce,0689878559,5,4.26,Simon Pulse,274,2005,7/16/14,,,read
Jen,"Ready Player One (Ready Player One, #1)",Ernest Cline,030788743X,5,4.27,Crown Publishers,374,2011,6/1/14,,,read
Jen,"Who Fears Death (Who Fears Death, #1)",Nnedi Okorafor,075640617X,0,3.96,DAW Hardcover,386,2010,7/27/14,to-read,to-read (#316),to-read
Jen,"Throne of the Crescent Moon (The Crescent Moon Kingdoms, #1)",Saladin Ahmed,0756407117,0,3.64,DAW,274,2012,7/27/14,to-read,to-read (#315),to-read
Jen,"The Killing Moon (Dreamblood, #1)",N.K. Jemisin,0356500764,0,3.9,Hachette Book Group,418,2012,7/27/14,to-read,to-read (#314),to-read
Jen,"The Rook (The Checquy Files, #1)",Daniel O'Malley,0316098795,0,4.12,"Little, Brown and Company",496,2012,7/26/14,to-read,to-read (#313),to-read
Jen,"Fool's Errand (Tawny Man, #1)",Robin Hobb,0006486010,0,4.31,Voyager,661,2002,7/26/14,to-read,to-read (#312),to-read
Jen,"Ship of Magic (Liveship Traders, #1)",Robin Hobb,000649885X,0,4.14,Voyager,880,1999,7/26/14,to-read,to-read (#311),to-read
Jen,"The Titan's Curse (Percy Jackson and the Olympians, #3)",Rick Riordan,0141382899,5,4.35,Puffin Books,320,2007,7/23/14,,,read
Jen,"I Am Number Four (Lorien Legacies, #1)",Pittacus Lore,0061969559,0,3.94,HarperCollins,440,2010,7/23/14,to-read,to-read (#310),to-read
Jen,"A Dance of Cloaks (Shadowdance, #1)",David Dalglish,1453706011,0,3.74,CreateSpace Independent Publishing Platform,386,2010,7/23/14,to-read,to-read (#309),to-read
Jen,"Finnikin of the Rock (Lumatere Chronicles, #1)",Melina Marchetta,0670072818,0,3.91,Viking Australia,416,2008,7/23/14,to-read,to-read (#308),to-read
Jen,"Shadow and Bone (The Shadow and Bone Trilogy, #1)",Leigh Bardugo,,0,4.03,Henry Holt and Company,358,2012,7/23/14,to-read,to-read (#307),to-read
Jen,"The Sea of Monsters (Percy Jackson and the Olympians, #2)",Rick Riordan,0786856866,4,4.24,Hyperion Books,279,2006,7/21/14,,,read
Jen,"The Demon King (Seven Realms, #1)",Cinda Williams Chima,1423118235,0,4.18,Hyperion Books,506,2009,7/22/14,to-read,to-read (#306),to-read
Jen,"The Lightning Thief (Percy Jackson and the Olympians, #1)",Rick Riordan,0786838655,4,4.24,Disney Hyperion Books,377,2006,12/30/12,,,read
Jen,"The Magicians (The Magicians, #1)",Lev Grossman,0670020559,5,3.51,Viking,402,2009,12/30/12,,,read
Jen,Shaman,Kim Stanley Robinson,0316098078,0,3.67,Orbit,456,2013,7/18/14,to-read,to-read (#305),to-read
Jen,"The Wind Singer (Wind on Fire, #1)",William Nicholson,0786814179,0,3.85,Disney-Hyperion,486,2002,7/18/14,to-read,to-read (#304),to-read
Jen,Shadow of the Winter King,Erik Scott de Bie,1897492774,0,3.45,Dragon Moon Press,318,2014,7/16/14,to-read,to-read (#303),to-read
Jen,"Red Rising (Red Rising, #1)",Pierce Brown,0345539788,0,4.27,Del Rey (Random House),382,2014,7/16/14,to-read,to-read (#302),to-read
Jen,"The Tombs of Atuan (Earthsea Cycle, #2)",Ursula K. Le Guin,0689845367,0,4.09,Gallery / Saga Press,180,2001,7/15/14,to-read,to-read (#301),to-read
Jen,"Eon: Dragoneye Reborn (Eon, #1)",Alison Goodman,0670062278,0,3.97,Viking Books for Young Readers,531,2008,7/15/14,to-read,to-read (#300),to-read
Jen,"Daughter of Smoke & Bone (Daughter of Smoke & Bone, #1)",Laini Taylor,0316134023,5,4.03,"Little, Brown Books for Young Readers",422,2011,5/10/14,,,read
Jen,100 Heartbeats: A Journey to Meet Our Planet's Endangered Animals and the Heroes Working to Save Them,Jeff Corwin,1605298476,5,4.17,Rodale Books,336,2009,7/15/14,,,read
Jen,The Fault in Our Stars,John Green,,4,4.23,Dutton Books,313,2012,7/19/13,,,read
Jen,Endless Forms Most Beautiful: The New Science of Evo Devo and the Making of the Animal Kingdom,Sean B. Carroll,0393327795,4,4.06,W. W. Norton & Company,350,2006,2/16/14,,,read
Jen,Fangirl,Rainbow Rowell,1250030951,0,4.08,St. Martin's Griffin,438,2013,7/15/14,to-read,to-read (#299),to-read
Jen,Bitterblue,Kristin Cashore,0142426016,0,4.01,Firebird,563,2013,7/15/14,to-read,to-read (#298),to-read
Jen,"Dies the Fire (Emberverse, #1)",S.M. Stirling,0451460413,0,3.93,Ace Books,573,2005,7/15/14,to-read,to-read (#297),to-read
Jen,"A Host of Dragons (Dragon Delasangre, #4)",Alan F. Troop,0451460618,0,4.06,Roc,352,2006,7/15/14,to-read,to-read (#296),to-read
Jen,"The Seadragon's Daughter (Dragon Delasangre, #3)",Alan F. Troop,0451460073,0,3.93,Roc,304,2004,7/15/14,to-read,to-read (#295),to-read
Jen,"The Dragon Delasangre (Dragon Delasangre, #1)",Alan F. Troop,0451458710,0,3.69,Roc,304,2002,7/15/14,to-read,to-read (#294),to-read
Jen,"The Farthest Shore (Earthsea Cycle, #3)",Ursula K. Le Guin,141650964X,0,4.13,Gallery Books,259,2004,7/15/14,to-read,to-read (#293),to-read
Jen,"Tehanu (Earthsea Cycle, #4)",Ursula K. Le Guin,1416509631,0,3.94,Pocket Books,281,2004,7/15/14,to-read,to-read (#292),to-read
Jen,"Sandworms Of Dune (Dune Chronicles, #8)",Brian Herbert,0765351498,0,3.63,Tor Science Fiction,560,2008,7/15/14,to-read,to-read (#291),to-read
Jen,"Hunters Of Dune (Dune Chronicles, #7)",Brian Herbert,076535148X,0,3.65,Tor Books,563,2007,7/15/14,to-read,to-read (#290),to-read
Jen,"Mystic Quest (The Bronze Canticles, #2)",Tracy Hickman,0446612235,0,3.51,Grand Central Publishing,608,2006,7/15/14,to-read,to-read (#289),to-read
Jen,Dune Messiah (Dune Chronicles #2),Frank Herbert,0441172695,0,3.88,Ace Books,331,1987,7/15/14,to-read,to-read (#288),to-read
Jen,Children of Dune (Dune Chronicles #3),Frank Herbert,,0,3.92,Ace Books,408,1987,7/15/14,to-read,to-read (#287),to-read
Jen,Heretics of Dune (Dune Chronicles #5),Frank Herbert,0441328008,0,3.86,Ace Books,471,1987,7/15/14,to-read,to-read (#286),to-read
Jen,"The Pillars of Creation (Sword of Truth, #7)",Terry Goodkind,0765340747,0,3.68,Tor Books,725,2002,7/15/14,to-read,to-read (#285),to-read
Jen,"Faith of the Fallen (Sword of Truth, #6)",Terry Goodkind,081257639X,0,4.11,Tor,785,2001,7/15/14,to-read,to-read (#284),to-read
Jen,"Soul of the Fire (Sword of Truth, #5)",Terry Goodkind,0812551494,0,3.87,Tor Books,788,2000,7/15/14,to-read,to-read (#283),to-read
Jen,"Naked Empire (Sword of Truth, #8)",Terry Goodkind,0765344300,0,3.82,Tor Books,736,2004,7/15/14,to-read,to-read (#282),to-read
Jen,"Temple of the Winds (Sword of Truth, #4)",Terry Goodkind,0812551486,0,4.03,Tor,822,1998,7/15/14,to-read,to-read (#281),to-read
Jen,"Blood of the Fold (Sword of Truth, #3)",Terry Goodkind,0812551478,0,3.99,Tor Books,623,1997,7/15/14,to-read,to-read (#280),to-read
Jen,"Stone of Tears (Sword of Truth, #2)",Terry Goodkind,0812548094,0,4.11,Tor ,979,1996,7/15/14,to-read,to-read (#279),to-read
Jen,"Cold Magic (Spiritwalker, #1)",Kate Elliott,0316080853,0,3.72,Orbit,502,2010,7/15/14,to-read,to-read (#278),to-read
Jen,"Spirit Gate (Crossroads, #1)",Kate Elliott,0765349302,0,3.58,Tor Books,718,2007,7/15/14,to-read,to-read (#277),to-read
Jen,Collapse: How Societies Choose to Fail or Succeed,Jared Diamond,0143036556,0,3.93,Penguin Books Ltd. (London),608,2005,7/15/14,to-read,to-read (#276),to-read
Jen,"Nightshade (Nightshade, #1)",Andrea Cremer,014241980X,0,4.03,Speak,454,2011,7/15/14,to-read,to-read (#275),to-read
Jen,The Messiah Code,Michael Cordy,0060762101,0,3.72,Avon,400,2004,7/15/14,to-read,to-read (#274),to-read
Jen,"First Truth (Truth, #1)",Dawn Cook,044100945X,0,3.73,Ace Books,336,2002,7/15/14,to-read,to-read (#273),to-read
Jen,"The Outlanders (The Lon Tobyn Chronicle, #2)",David B. Coe,0812571134,0,3.89,Tor Books,626,1999,7/15/14,to-read,to-read (#272),to-read
Jen,"Eagle-Sage (The Lon Tobyn Chronicle, #3)",David B. Coe,0812566866,0,3.89,Tor Books,626,2001,7/15/14,to-read,to-read (#271),to-read
Jen,Children of Amarid (Lon Tobyn Chronicle #1),David B. Coe,0812552547,0,3.9,Tor Books,591,1998,7/15/14,to-read,to-read (#270),to-read
Jen,Paper Towns,John Green,0525478183,0,3.83,Dutton Juvenile,305,2008,7/15/14,to-read,to-read (#269),to-read
Jen,An Abundance of Katherines,John Green,0525476881,0,3.59,Dutton Books for Young Readers,229,2006,7/15/14,to-read,to-read (#268),to-read
Jen,"Fortress of Owls (Fortress, #3)",C.J. Cherryh,0061020087,0,3.9,Harper Voyager,560,2000,7/15/14,to-read,to-read (#267),to-read
Jen,"Fortress of Dragons (Fortress, #4)",C.J. Cherryh,0061020443,0,3.93,Harper Voyager,576,2001,7/15/14,to-read,to-read (#266),to-read
Jen,"Fortress of Eagles (Fortress, #2)",C.J. Cherryh,006105710X,0,3.88,Harper Voyager,496,1998,7/15/14,to-read,to-read (#265),to-read
Jen,"Fortress in the Eye of Time (Fortress, #1)",C.J. Cherryh,0061056898,0,3.86,Harper Voyager,773,1996,7/15/14,to-read,to-read (#264),to-read
Jen,"Always Forever (Age of Misrule, #3)",Mark Chadbourn,1591027411,0,4.05,Pyr,466,2009,7/15/14,to-read,to-read (#263),to-read
Jen,"Darkest Hour (Age of Misrule, #2)",Mark Chadbourn,1591027403,0,3.95,Pyr,464,2009,7/15/14,to-read,to-read (#262),to-read
Jen,"World's End (Age of Misrule, #1)",Mark Chadbourn,159102739X,0,3.73,Pyr,413,2009,7/15/14,to-read,to-read (#261),to-read
Jen,"Summer Knight (The Dresden Files, #4)",Jim Butcher,0451458923,0,4.3,Roc,446,2002,7/15/14,to-read,to-read (#260),to-read
Jen,"White Night (The Dresden Files, #9)",Jim Butcher,045146155X,0,4.4,Roc,467,2008,7/15/14,to-read,to-read (#259),to-read
Jen,"Dead Beat (The Dresden Files, #7)",Jim Butcher,045146091X,0,4.43,Roc,517,2006,7/15/14,to-read,to-read (#258),to-read
Jen,"Consider Phlebas (Culture, #1)",Iain M. Banks,031600538X,0,3.86,Orbit,527,2008,7/15/14,to-read,to-read (#257),to-read
Jen,The Iron Dragon's Daughter,Michael Swanwick,0380972336,0,3.69,Avon Books,424,2012,7/15/14,to-read,to-read (#256),to-read
Jen,"The Diviners (The Diviners, #1)",Libba Bray,031612611X,0,3.97,"Little, Brown Books for Young Readers",578,2012,7/14/14,to-read,to-read (#255),to-read
Jen,Zoo City,Lauren Beukes,0007327684,0,3.64,Angry Robot,416,2010,7/14/14,to-read,to-read (#254),to-read
Jen,"Of Poseidon (The Syrena Legacy, #1)",Anna Banks,1250003326,0,4.03,Feiwel & Friends,324,2012,7/12/14,to-read,to-read (#253),to-read
Jen,Looking for Alaska,John Green,0142402516,4,4.05,Speak,221,2006,7/3/14,,,read
Jen,"The Assassin's Curse (The Assassin's Curse, #1)",Cassandra Rose Clarke,1908844019,0,3.69,Strange Chemistry,298,2012,6/10/14,to-read,to-read (#252),to-read
Jen,"Aristotle and Dante Discover the Secrets of the Universe (Aristotle and Dante Discover the Secrets of the Universe, #1)",Benjamin Alire Sáenz,1442408928,0,4.34,Simon & Schuster Books for Young Readers,359,2012,6/10/14,to-read,to-read (#251),to-read
Jen,Eleanor & Park,Rainbow Rowell,1250012570,5,4.08,St. Martin's Press,328,2013,6/1/14,,,read
Jen,"Joust (Dragon Jousters, #1)",Mercedes Lackey,0756401534,4,4.02,DAW,448,2004,8/10/13,,,read
Jen,"Fool's Assassin (The Fitz and The Fool Trilogy, #1)",Robin Hobb,0007444176,0,4.37,Harper Voyager,630,2014,6/1/14,to-read,to-read (#250),to-read
Jen,"Thief's Magic (Millennium’s Rule, #1)",Trudi Canavan,0316209279,0,3.85,Orbit,553,2014,6/1/14,to-read,to-read (#249),to-read
Jen,"Shadows (The Rephaim, #1)",Paula Weston,,0,3.97,Text Publishing,388,2012,5/25/14,to-read,to-read (#248),to-read
Jen,"Angelfall (Penryn & the End of Days, #1)",Susan Ee,144477851X,0,4.16,Hodder and Stoughton,326,2013,5/25/14,to-read,to-read (#247),to-read
Jen,A Monster Calls,Patrick Ness,1406336513,0,4.37,Walker,240,2012,5/22/14,to-read,to-read (#246),to-read
Jen,The Night Circus,Erin Morgenstern,0099554798,0,4.04,"Vintage Books, Random House",502,2012,5/22/14,to-read,to-read (#245),to-read
Jen,"Saga, Vol. 1",Brian K. Vaughan,1607066017,0,4.2,Image Comics,176,2012,5/22/14,to-read,to-read (#244),to-read
Jen,Ancillary Justice (Imperial Radch #1),Ann Leckie,031624662X,0,3.98,Orbit,386,2013,5/22/14,to-read,to-read (#243),to-read
Jen,"The One (The Selection, #3)",Kiera Cass,0062060015,5,4.2,HarperTeen,368,2014,5/21/14,,,read
Jen,"The Elite (The Selection, #2)",Kiera Cass,0062059963,4,4.02,HarperTeen,336,2013,5/20/14,,,read
Jen,"The Quantum Thief (Jean le Flambeur, #1)",Hannu Rajaniemi,0575088877,0,3.83,Gollancz,336,2010,5/20/14,to-read,to-read (#242),to-read
Jen,"The Emperor's Blades (Chronicle of the Unhewn Throne, #1)",Brian Staveley,0765336405,0,4.11,Tor Books,480,2014,5/20/14,to-read,to-read (#241),to-read
Jen,"The Fractal Prince (Jean le Flambeur, #2)",Hannu Rajaniemi,,0,4.05,Tor Books,320,2012,5/20/14,to-read,to-read (#240),to-read
Jen,"Embrace (The Violet Eden Chapters, #1)",Jessica Shirvington,,0,4,Hachette Australia,382,2010,5/20/14,to-read,to-read (#239),to-read
Jen,"The Last Kingdom (The Saxon Stories, #1)",Bernard Cornwell,0060887184,0,4.25,Harper Paperbacks,351,2006,5/20/14,to-read,to-read (#238),to-read
Jen,"Foreigner (Foreigner, #1)",C.J. Cherryh,0756402514,0,3.94,DAW,428,2004,5/20/14,to-read,to-read (#237),to-read
Jen,"The Selection (The Selection, #1)",Kiera Cass,0062059939,4,4.14,HarperTeen,336,2012,5/10/14,,,read
Jen,"The Knife of Never Letting Go (Chaos Walking, #1)",Patrick Ness,1406310255,0,3.97,Walker,479,2008,5/19/14,to-read,to-read (#236),to-read
Jen,The Book of Lost Things,John Connolly,0743298853,0,3.98,Atria Books,339,2006,5/19/14,to-read,to-read (#235),to-read
Jen,"Seraphina (Seraphina, #1)",Rachel Hartman,,0,3.96,Random House Books for Young Readers,499,2013,5/19/14,to-read,to-read (#234),to-read
Jen,The Martian,Andy Weir,0804139024,4,4.4,Crown,369,2014,5/4/14,,,read
Jen,Stolen: A Letter to My Captor,Lucy Christopher,1906427135,0,3.92,Chicken House Ltd,304,2009,5/15/14,to-read,to-read (#233),to-read
Jen,"Blood Song (Raven's Shadow, #1)",Anthony Ryan,,0,4.44,Anthony  Ryan,591,2012,5/11/14,to-read,to-read (#232),to-read
Jen,"Grave Mercy (His Fair Assassin, #1)",Robin LaFevers,054762834X,0,3.9,Houghton Mifflin Harcourt,549,2012,5/10/14,to-read,to-read (#231),to-read
Jen,"The Hundred Thousand Kingdoms (Inheritance, #1)",N.K. Jemisin,0316043915,0,3.84,Hachette Book Group Orbit,427,2010,5/10/14,to-read,to-read (#230),to-read
Jen,"The Darkest Minds (The Darkest Minds, #1)",Alexandra Bracken,1423157370,0,4.2,Disney Hyperion,488,2012,5/10/14,to-read,to-read (#229),to-read
Jen,"Throne of Glass (Throne of Glass, #1)",Sarah J. Maas,,0,4.22,Bloomsbury,404,2012,5/7/14,to-read,to-read (#228),to-read
Jen,"New Amsterdam (New Amsterdam, #1)",Elizabeth Bear,1596061065,0,3.55,Subterranean Press,272,2007,5/7/14,to-read,to-read (#227),to-read
Jen,"Blood and Iron (Promethean Age, #1)",Elizabeth Bear,0451460928,0,3.44,Ace Books,448,2006,5/7/14,to-read,to-read (#226),to-read
Jen,"All the Windwracked Stars (The Edda of Burdens, #1)",Elizabeth Bear,0765318822,0,3.64,Tor Books,368,2008,5/7/14,to-read,to-read (#225),to-read
Jen,"Dust (Jacob's Ladder, #1)",Elizabeth Bear,055359107X,0,3.65,Spectra,342,2008,5/7/14,to-read,to-read (#224),to-read
Jen,"Range of Ghosts (Eternal Sky, #1)",Elizabeth Bear,0765327546,0,3.7,Tor Books,334,2012,5/7/14,to-read,to-read (#223),to-read
Jen,"Hammered (Jenny Casey, #1)",Elizabeth Bear,0553587501,0,3.7,Spectra,352,2004,5/7/14,to-read,to-read (#222),to-read
Jen,"The Stepsister Scheme (Princess, #1)",Jim C. Hines,0756405327,0,3.75,DAW,344,2009,5/7/14,to-read,to-read (#221),to-read
Jen,"Libriomancer (Magic Ex Libris, #1)",Jim C. Hines,0756407397,0,3.81,DAW,308,2012,5/7/14,to-read,to-read (#220),to-read
Jen,"Goblin Quest (Jig the Goblin, #1)",Jim C. Hines,0756404002,0,4.01,DAW,346,2006,5/7/14,to-read,to-read (#219),to-read
Jen,"Graceling (Graceling Realm, #1)",Kristin Cashore,015206396X,4,4.09,Harcourt,471,2008,7/19/13,,,read
Jen,"Harry Potter and the Half-Blood Prince (Harry Potter, #6)",J.K. Rowling,0439785960,3,4.56,Scholastic Inc.,652,2006,6/8/13,,,read
Jen,"Bastion (Valdemar: Collegium Chronicles, #5)",Mercedes Lackey,0756409446,4,3.99,Daw Books,342,2013,11/16/13,,,read
Jen,"Prince of Fools (The Red Queen's War, #1)",Mark  Lawrence,0425268780,0,4.07,Ace,355,2014,4/12/14,to-read,to-read (#218),to-read
Jen,"Beyond the Shadows (Night Angel, #3)",Brent Weeks,0316033669,0,4.28,Orbit,689,2008,4/11/14,to-read,to-read (#217),to-read
Jen,"Shadow's Edge (Night Angel, #2)",Brent Weeks,0316033650,0,4.27,Orbit,636,2008,4/11/14,to-read,to-read (#216),to-read
Jen,"The Name of the Wind (The Kingkiller Chronicle, #1)",Patrick Rothfuss,075640407X,5,4.54,Penguin Group DAW,662,2007,7/19/13,,,read
Jen,"The Hidden City (The House War, #1)",Michelle West,0756404703,0,4.09,DAW,615,2008,4/11/14,to-read,to-read (#215),to-read
Jen,"Blackbirds (Miriam Black, #1)",Chuck Wendig,0857662309,0,3.76,Angry Robot,381,2012,4/4/14,to-read,to-read (#214),to-read
Jen,A Clockwork Orange,Anthony Burgess,0393312836,0,3.99,W. W. Norton & Company,213,1986,3/16/14,to-read,to-read (#213),to-read
Jen,Lolita,Vladimir Nabokov,,0,3.89,Penguin,331,1995,3/16/14,to-read,to-read (#212),to-read
Jen,"Catch-22 (Catch-22, #1)",Joseph Heller,0684833395,0,3.98,Simon & Schuster ,453,2004,3/16/14,to-read,to-read (#211),to-read
Jen,Life of Pi,Yann Martel,0770430074,0,3.9,Seal Books,460,2006,3/16/14,to-read,to-read (#210),to-read
Jen,The Alchemist,Paulo Coelho,0061122416,0,3.86,HarperCollins,197,1993,3/16/14,to-read,to-read (#209),to-read
Jen,Of Mice and Men,John Steinbeck,0142000671,4,3.86,Penguin Books,103,2002,3/16/14,,,read
Jen,"Night (The Night Trilogy, #1)",Elie Wiesel,0374500010,0,4.32,Hill and Wang,115,2006,3/16/14,to-read,to-read (#208),to-read
Jen,"The Giver (The Giver, #1)",Lois Lowry,0385732554,0,4.13,Ember,208,2006,3/16/14,to-read,to-read (#207),to-read
Jen,Lord of the Flies,William Golding,0140283331,0,3.67,Penguin Books ,182,1999,3/16/14,to-read,to-read (#206),to-read
Jen,"The Chronicles of Narnia (Chronicles of Narnia, #1-7)",C.S. Lewis,0066238501,0,4.26,HarperCollins,767,2002,3/16/14,to-read,to-read (#205),to-read
Jen,The Little Prince,Antoine de Saint-Exupéry,0156012197,0,4.3,"Harcourt, Inc.",93,2000,3/16/14,to-read,to-read (#204),to-read
Jen,The Catcher in the Rye,J.D. Salinger,0316769177,0,3.8,Back Bay Books,277,2001,3/16/14,to-read,to-read (#203),to-read
Jen,Pride and Prejudice,Jane Austen,,0,4.25,Modern Library,279,2000,3/16/14,to-read,to-read (#202),to-read
Jen,The Road,Cormac McCarthy,0307265439,0,3.96,Alfred A. Knopf,241,2006,3/12/14,to-read,to-read (#201),to-read
Jen,"Blood Meridian, or the Evening Redness in the West",Cormac McCarthy,0679728759,0,4.17,Vintage Books,337,1992,3/12/14,to-read,to-read (#200),to-read
Jen,Moth and Spark,Anne  Leonard,0670015709,0,3.2,Viking Adult,368,2014,3/12/14,to-read,to-read (#199),to-read
Jen,"Do Androids Dream of Electric Sheep? (Blade Runner, #1)",Philip K. Dick,0345404475,4,4.08,Del Rey / Ballantine Books,244,1996,2/3/14,,,read
Jen,Your Inner Fish: A Journey Into the 3.5-Billion-Year History of the Human Body,Neil Shubin,0375424474,0,3.99,Pantheon Books,229,2008,2/16/14,to-read,to-read (#198),to-read
Jen,The Red Queen: Sex and the Evolution of Human Nature,Matt Ridley,0060556579,0,4.04,Harper Perennial (HarperCollins),405,2003,2/16/14,to-read,to-read (#197),to-read
Jen,The God Delusion,Richard Dawkins,0618680004,0,3.9,Houghton Mifflin Co. (Boston/NY),374,2006,2/16/14,to-read,to-read (#196),to-read
Jen,Stiff: The Curious Lives of Human Cadavers,Mary Roach,0393324826,0,4.06,W. W. Norton  Company,303,2004,2/16/14,to-read,to-read (#195),to-read
Jen,The Greatest Show on Earth: The Evidence for Evolution,Richard Dawkins,059306173X,0,4.16,Bantam Press,470,2009,2/16/14,to-read,to-read (#194),to-read
Jen,The Selfish Gene,Richard Dawkins,0199291152,0,4.13,"Oxford University Press, USA",360,2006,2/16/14,to-read,to-read (#193),to-read
Jen,"Sabriel (Abhorsen,  #1)",Garth Nix,0064471837,0,4.17,Harper Collins,491,1996,2/10/14,to-read,to-read (#192),to-read
Jen,"The Magicians' Guild (Black Magician Trilogy, #1)",Trudi Canavan,,0,3.95,HarperCollins,384,2009,2/10/14,to-read,to-read (#191),to-read
Jen,"Howl's Moving Castle (Howl's Moving Castle, #1)",Diana Wynne Jones,006441034X,0,4.3,Harper Trophy,329,2001,2/10/14,to-read,to-read (#190),to-read
Jen,"The Fire Within (The Last Dragon Chronicles, #1)",Chris d'Lacey,0439672449,0,3.78,Scholastic Inc.,340,2007,2/3/14,,,read
Jen,"Redoubt (Valdemar: Collegium Chronicles, #4)",Mercedes Lackey,0756407451,4,3.95,DAW,330,2012,11/16/13,,,read
Jen,"Changes (Valdemar: Collegium Chronicles, #3)",Mercedes Lackey,0756406927,4,3.95,DAW,326,2011,8/10/13,,,read
Jen,"Intrigues (Valdemar: Collegium Chronicles, #2)",Mercedes Lackey,0756406390,3,3.96,DAW,328,2010,12/20/13,,,read
Jen,"Insurgent (Divergent, #2)",Veronica Roth,0007442912,4,4.04,HarperCollins Children's Books,525,2012,8/10/13,,,read
Jen,The Book Thief,Markus Zusak,0375831002,4,4.37,Alfred A. Knopf,552,2006,7/19/13,,,read
Jen,Black Blade Blues (Sarah Beauhall #1),J.A. Pitts,0765324679,3,3.43,Tor Books,400,2010,6/22/13,,,read
Jen,"Dark Currents (Agent of Hel, #1)",Jacqueline Carey,0451464788,0,3.79,Roc Hardcover,356,2012,12/5/13,to-read,to-read (#189),to-read
Jen,I Am Legend,Richard Matheson,1857988094,0,4.06,Millenium,160,1999,12/4/13,to-read,to-read (#188),to-read
Jen,"Oryx and Crake (MaddAddam, #1)",Margaret Atwood,0385721676,0,4.01,Anchor Books,389,2004,12/3/13,to-read,to-read (#187),to-read
Jen,The Ocean at the End of the Lane,Neil Gaiman,0062255657,0,4,William Morrow Books,181,2013,12/3/13,to-read,to-read (#186),to-read
Jen,"Life After Life (Todd Family, #1)",Kate Atkinson,0316176486,0,3.76,Reagan Arthur Books,531,2013,12/3/13,to-read,to-read (#185),to-read
Jen,"The Constant Princess (The Plantagenet and Tudor Novels, #6)",Philippa Gregory,0743272498,0,3.9,Washington Square Press,390,2006,11/30/13,to-read,to-read (#184),to-read
Jen,Pandemonium,Warren Fahy,0765333295,0,3.69,Tor Books,320,2013,11/29/13,to-read,to-read (#183),to-read
Jen,Fragment,Warren Fahy,0553807536,0,3.68,Delacorte Press,356,2009,11/29/13,to-read,to-read (#182),to-read
Jen,The Invisible Man,H.G. Wells,0451528522,0,3.64,Signet Classics,192,2002,11/19/13,to-read,to-read (#181),to-read
Jen,"Ringworld (Ringworld, #1)",Larry Niven,0575077026,0,3.96,Gollancz,288,2005,11/19/13,to-read,to-read (#180),to-read
Jen,Slaughterhouse-Five,Kurt Vonnegut,0385333846,0,4.07,Dial Press,275,1999,11/19/13,to-read,to-read (#179),to-read
Jen,"A Wrinkle in Time (Time Quintet, #1)",Madeleine L'Engle,0440498058,0,4,Yearling Books,211,1973,11/19/13,to-read,to-read (#178),to-read
Jen,Brave New World,Aldous Huxley,0060929871,0,3.98,HarperPerennial / Perennial Classics,288,1998,11/19/13,to-read,to-read (#177),to-read
Jen,Fahrenheit 451,Ray Bradbury,0307347974,0,3.98,DeBolsillo,175,2004,11/19/13,to-read,to-read (#176),to-read
Jen,1984,George Orwell,,0,4.17,New American Library,328,1950,11/19/13,to-read,to-read (#175),to-read
Jen,"Dune (Dune Chronicles, #1)",Frank Herbert,0340839937,0,4.22,Hodder & Stoughton,604,2006,11/19/13,to-read,to-read (#174),to-read
Jen,"Old Man's War (Old Man's War, #1)",John Scalzi,0765348276,0,4.24,Tor Books,351,2007,11/19/13,to-read,to-read (#173),to-read
Jen,"The Way of Shadows (Night Angel, #1)",Brent Weeks,0316033677,4,4.15,Orbit,645,2008,11/16/13,,,read
Jen,"Daughter of the Blood (The Black Jewels, #1)",Anne Bishop,0451456718,0,4.1,Roc NAL (New American Library) Penguin,412,1998,11/16/13,to-read,to-read (#172),to-read
Jen,"Lord of the Fading Lands (Tairen Soul, #1)",C.L. Wilson,1897331894,0,4.02,Audio Realms,16,2010,11/16/13,to-read,to-read (#171),to-read
Jen,"The Elvenbane (Halfblood Chronicles, #1)",Andre Norton,0812511751,0,3.95,Tor Books,566,1993,11/16/13,to-read,to-read (#170),to-read
Jen,"The Final Empire (Mistborn, #1)",Brandon Sanderson,076531178X,0,4.45,Tor Books,541,2006,11/14/13,to-read,to-read (#169),to-read
Jen,"The Last Unicorn (The Last Unicorn, #1)",Peter S. Beagle,0451450523,0,4.17,Penguin Roc,294,2008,11/14/13,to-read,to-read (#168),to-read
Jen,"Lord Foul's Bane (The Chronicles of Thomas Covenant the Unbeliever, #1)",Stephen R. Donaldson,0345348656,0,3.72,Del Rey / Ballantine,480,1989,11/14/13,to-read,to-read (#167),to-read
Jen,Nine Princes in Amber (The Chronicles of Amber #1),Roger Zelazny,0380014300,0,4.09,Avon,175,1986,11/14/13,to-read,to-read (#166),to-read
Jen,"Vicious (Villains, #1)",V.E. Schwab,0765335344,0,4.25,Tor,368,2013,11/4/13,to-read,to-read (#165),to-read
Jen,The River of No Return,Bee Ridgway,0525953868,0,3.69,Dutton,452,2013,11/4/13,to-read,to-read (#164),to-read
Jen,"The Republic of Thieves (Gentleman Bastard, #3)",Scott Lynch,0553804693,0,4.23,Del Rey,650,2013,11/4/13,to-read,to-read (#163),to-read
Jen,"The Eye of the World (The Wheel of Time, #1)",Robert Jordan,0812511816,0,4.19,Tor Books,814,1990,11/4/13,to-read,to-read (#162),to-read
Jen,"The Golem and the Jinni (The Golem and the Jinni, #1)",Helene Wecker,0062110837,0,4.11,Harper,486,2013,11/4/13,to-read,to-read (#161),to-read
Jen,"The Emperor's Edge (The Emperor's Edge, #1)",Lindsay Buroker,,0,4.03,,324,2010,11/4/13,to-read,to-read (#160),to-read
Jen,The Ghost Bride,Yangsze Choo,0062227327,0,3.76,William Morrow,368,2013,11/4/13,to-read,to-read (#159),to-read
Jen,"The Firebird (Slains, #2)",Susanna Kearsley,140227663X,0,4.09,Sourcebooks Landmark,539,2013,11/4/13,to-read,to-read (#158),to-read
Jen,"The Crown Tower (The Riyria Chronicles, #1)",Michael J. Sullivan,031624371X,0,4.33,Orbit ,384,2013,11/4/13,to-read,to-read (#157),to-read
Jen,"The Companions (The Sundering, #1; Legend of Drizzt, #24)",R.A. Salvatore,0786963719,0,4.34,Wizards of the Coast,378,2013,11/4/13,to-read,to-read (#156),to-read
Jen,"The Dragon Keeper (Rain Wild Chronicles, #1)",Robin Hobb,0007273746,0,3.94,Voyager,553,2009,11/4/13,to-read,to-read (#155),to-read
Jen,"Angels' Blood (Guild Hunter, #1)",Nalini Singh,0425226921,0,4.1,Berkley Sensation,339,2009,11/2/13,to-read,to-read (#154),to-read
Jen,Jonathan Strange & Mr Norrell,Susanna Clarke,,0,3.82,Tor Books,1006,2006,10/31/13,to-read,to-read (#153),to-read
Jen,"The Mists of Avalon (Avalon, #1)",Marion Zimmer Bradley,0345350499,0,4.12,Ballantine Books,884,1984,10/31/13,to-read,to-read (#152),to-read
Jen,A Wizard of Earthsea,Ursula K. Le Guin,0553383043,0,4,Bantam Spectra,183,2004,10/31/13,to-read,to-read (#151),to-read
Jen,"Wizard's First Rule (Sword of Truth, #1)",Terry Goodkind,0765346524,0,4.13,Tor Books,836,2003,10/31/13,to-read,to-read (#150),to-read
Jen,The Princess Bride,William Goldman,0345418263,0,4.26,Ballantine Books,456,2003,10/31/13,to-read,to-read (#149),to-read
Jen,"American Gods (American Gods, #1)",Neil Gaiman,0747263744,0,4.11,Headline Review,635,2005,10/31/13,to-read,to-read (#148),to-read
Jen,"Boneshaker (The Clockwork Century, #1)",Cherie Priest,0765318415,0,3.5,Tor Books,416,2009,10/31/13,to-read,to-read (#147),to-read
Jen,"The Wise Man's Fear (The Kingkiller Chronicle, #2)",Patrick Rothfuss,0756404738,0,4.57,DAW Books,994,2011,10/28/13,to-read,to-read (#146),to-read
Jen,"God's War (Bel Dame Apocrypha, #1)",Kameron Hurley,159780214X,0,3.65,Night Shade Books,288,2011,10/24/13,to-read,to-read (#145),to-read
Jen,"The Winds of Khalakovo (Lays of Anuskaya, #1)",Bradley P. Beaulieu,,0,3.32,Night Shade Books,449,2011,10/24/13,to-read,to-read (#144),to-read
Jen,"Hyperion (Hyperion Cantos, #1)",Dan Simmons,0553283685,0,4.23,Bantam Spectra,482,1990,9/9/13,to-read,to-read (#143),to-read
Jen,"The Warded Man (Demon Cycle, #1)",Peter V. Brett,0345503805,0,4.26,Random House,416,2009,9/9/13,to-read,to-read (#142),to-read
Jen,"Oath of Fealty (Paladin's Legacy, #1)",Elizabeth Moon,0345508742,0,4.1,Del Rey Books,471,2010,9/9/13,to-read,to-read (#141),to-read
Jen,"The Last Dragonlord (Dragonlord, #1)",Joanne Bertin,0812545419,0,4.02,Tor Fantasy,471,1999,9/9/13,to-read,to-read (#140),to-read
Jen,"The Dream Thieves (The Raven Cycle, #2)",Maggie Stiefvater,0545424941,0,4.26,Scholastic Press,439,2013,9/9/13,to-read,to-read (#139),to-read
Jen,"The Raven Boys (The Raven Cycle, #1)",Maggie Stiefvater,0545424925,0,4.06,Scholastic Press,409,2012,9/9/13,to-read,to-read (#138),to-read
Jen,"The War of the Jewels (The History of Middle-Earth, #11)",J.R.R. Tolkien,0395710413,0,3.92,Houghton Mifflin Harcourt,470,1994,9/2/13,to-read,to-read (#137),to-read
Jen,"Morgoth's Ring (The History of Middle-Earth, #10)",J.R.R. Tolkien,0395680921,0,4.13,Houghton Mifflin Harcourt,478,1993,9/2/13,to-read,to-read (#136),to-read
Jen,"The End of the Third Age: The History of The Lord of the Rings, Part Four (The History of Middle-earth, #9a)",J.R.R. Tolkien,0618083561,0,4.08,Houghton Mifflin Harcourt,176,2000,9/2/13,to-read,to-read (#135),to-read
Jen,"The Return of the Shadow: The History of The Lord of the Rings, Part One (The History of Middle-Earth, #6)",J.R.R. Tolkien,061808357X,0,4.03,Houghton Mifflin,512,2000,9/2/13,to-read,to-read (#133),to-read
Jen,"The War of the Ring (The History of Middle-Earth, #8)",J.R.R. Tolkien,0261102230,0,4.14,HarperCollins,476,2002,9/2/13,to-read,to-read (#134),to-read
Jen,"The Lost Road and Other Writings (The History of Middle-Earth, #5)",J.R.R. Tolkien,0048233498,0,3.97,Unwin Paperbacks,455,1987,9/2/13,to-read,to-read (#132),to-read
Jen,"The Shaping of Middle-Earth (The History of Middle-Earth, #4)",J.R.R. Tolkien,0261102184,0,4.01,Houghton Mifflin Company,400,2002,9/2/13,to-read,to-read (#131),to-read
Jen,"The Book of Lost Tales, Part Two (The History of Middle-Earth, #2)",J.R.R. Tolkien,,0,3.86,Del Rey,391,1992,9/2/13,to-read,to-read (#129),to-read
Jen,"The Lays of Beleriand (The History of Middle-Earth, #3)",J.R.R. Tolkien,0395394295,0,3.97,Houghton Mifflin Harcourt,393,1985,9/2/13,to-read,to-read (#130),to-read
Jen,"The Book of Lost Tales, Part One (The History of Middle-Earth, #1)",J.R.R. Tolkien,0345375211,0,3.83,Del Rey/Ballantine Books,367,1992,9/2/13,to-read,to-read (#128),to-read
Jen,"Destroyer of Worlds (Kingdom of the Serpent, #3)",Mark Chadbourn,0575076798,0,4.11,,,,9/2/13,to-read,to-read (#127),to-read
Jen,"The Burning Man (Kingdom of the Serpent, #2)",Mark Chadbourn,0575079495,0,4.03,,352,,9/2/13,to-read,to-read (#126),to-read
Jen,"Jack of Ravens (Kingdom of the Serpent, #1)",Mark Chadbourn,0575076763,0,3.92,Pyr,,,9/2/13,to-read,to-read (#125),to-read
Jen,"The Endless Knot (The Song of Albion, #3)",Stephen R. Lawhead,1595542213,0,4.17,Thomas Nelson,439,2006,9/2/13,to-read,to-read (#124),to-read
Jen,"The Silver Hand (The Song of Albion, #2)",Stephen R. Lawhead,1595542205,0,4.23,WestBow Press,448,2006,9/2/13,to-read,to-read (#123),to-read
Jen,"The Paradise War (The Song of Albion, #1)",Stephen R. Lawhead,1595542191,0,4.04,WestBow Press,444,2006,9/2/13,to-read,to-read (#122),to-read
Jen,"Pendragon (The Pendragon Cycle, #4)",Stephen R. Lawhead,0380717573,0,3.95,Avon,448,1995,9/2/13,to-read,to-read (#121),to-read
Jen,"Merlin (The Pendragon Cycle, #2)",Stephen R. Lawhead,0310205069,0,4.08,Zondervan,484,1996,9/2/13,to-read,to-read (#119),to-read
Jen,"Arthur (The Pendragon Cycle, #3)",Stephen R. Lawhead,0380708906,0,4,Avon Fantasy,448,1990,9/2/13,to-read,to-read (#120),to-read
Jen,Taliesin (The Pendragon Cycle #1),Stephen R. Lawhead,038070613X,0,3.99,Harper Voyager,496,1998,9/2/13,to-read,to-read (#118),to-read
Jen,"Tuck (King Raven, #3)",Stephen R. Lawhead,1595540873,0,4.09,Thomas Nelson Inc,452,2009,9/2/13,to-read,to-read (#117),to-read
Jen,"Scarlet (King Raven, #2)",Stephen R. Lawhead,1595540865,0,4.01,Thomas Nelson Inc,443,2007,9/2/13,to-read,to-read (#116),to-read
Jen,"Hood (King Raven, #1)",Stephen R. Lawhead,1595540857,0,3.88,Westbow Pr,490,2006,9/2/13,to-read,to-read (#115),to-read
Jen,"The Legend of Eli Monpress (The Legend of Eli Monpress, #1-3)",Rachel Aaron,0316193577,0,4.16,Orbit,1040,2012,9/1/13,to-read,to-read (#114),to-read
Jen,"The Mageborn Traitor (Exiles, #2)",Melanie Rawn,033034420X,0,4.15,Pan Books,755,1997,9/1/13,to-read,to-read (#113),to-read
Jen,"Skybowl (Dragon Star, #3)",Melanie Rawn,0330333186,0,4.09,Tor,,1995,9/1/13,to-read,to-read (#112),to-read
Jen,"The Dragon Token (Dragon Star, #2)",Melanie Rawn,0330328980,0,4.1,Pan Books,592,1995,9/1/13,to-read,to-read (#111),to-read
Jen,"Sunrunner's Fire (Dragon Prince, #3)",Melanie Rawn,0756403057,0,4.1,DAW,496,2005,9/1/13,to-read,to-read (#110),to-read
Jen,"The Star Scroll (Dragon Prince, #2)",Melanie Rawn,0756403049,0,4.08,DAW,560,2005,9/1/13,to-read,to-read (#109),to-read
Jen,"Stronghold (Dragon Star, #1)",Melanie Rawn,0886774829,0,4.03,DAW,592,1991,9/1/13,to-read,to-read (#108),to-read
Jen,"Dragon Prince (Dragon Prince, #1)",Melanie Rawn,0756403014,0,3.95,DAW Trade,576,2005,9/1/13,to-read,to-read (#107),to-read
Jen,"Elfsorrow (Legends of the Raven, #1)",James Barclay,0575073985,0,4.01,Pyr,421,2010,9/1/13,to-read,to-read (#106),to-read
Jen,"Brisingr (The Inheritance Cycle, #3)",Christopher Paolini,0375826726,0,4.05,Alfred A. Knopf,748,2008,9/1/13,to-read,to-read (#104),to-read
Jen,"Inheritance (The Inheritance Cycle, #4)",Christopher Paolini,0375856110,0,4.1,Alfred A. Knopf,849,2011,9/1/13,to-read,to-read (#105),to-read
Jen,"Eldest (The Inheritance Cycle, #2)",Christopher Paolini,0375840400,0,3.98,Knopf Books for Young Readers,704,2007,9/1/13,to-read,to-read (#103),to-read
Jen,"Through Wolf's Eyes (Firekeeper Saga, #1)",Jane Lindskold,0812575482,0,3.97,Tor Books,579,2002,9/1/13,to-read,to-read (#102),to-read
Jen,"The Maze Runner (The Maze Runner, #1)",James Dashner,0385737947,4,4.02,Delacorte Press,384,2009,7/19/13,,,read
Jen,"Morgawr (The Voyage of the Jerle Shannara, #3)",Terry Brooks,0345435753,0,3.97,Del Rey,415,2003,8/27/13,to-read,to-read (#100),to-read
Jen,"Jarka Ruus (High Druid of Shannara, #1)",Terry Brooks,0345483898,0,3.97,Del Rey,416,2005,8/27/13,to-read,to-read (#101),to-read
Jen,"Antrax (Voyage of the Jerle Shannara, #2)",Terry Brooks,0345397673,0,3.96,Del Rey Books,405,2002,8/27/13,to-read,to-read (#99),to-read
Jen,"Ilse Witch (Voyage of the Jerle Shannara, #1)",Terry Brooks,0345396553,0,3.96,Del Rey,456,2001,8/27/13,to-read,to-read (#98),to-read
Jen,"The Talismans of Shannara (Heritage of Shannara, #4)",Terry Brooks,1857239016,0,4.02,Orbit,440,1999,8/27/13,to-read,to-read (#97),to-read
Jen,"The Druid of Shannara (Heritage of Shannara, #2)",Terry Brooks,1857233808,0,4.02,Del Rey,471,1998,8/27/13,to-read,to-read (#95),to-read
Jen,"The Elf Queen of Shannara (Heritage of Shannara, #3)",Terry Brooks,1857238273,0,4.04,Orbit,416,1998,8/27/13,to-read,to-read (#96),to-read
Jen,"The Scions of Shannara (Heritage of Shannara, #1)",Terry Brooks,1857230752,0,3.99,Orbit,512,2006,8/27/13,to-read,to-read (#94),to-read
Jen,"The Wishsong of Shannara (The Original Shannara Trilogy, #3)",Terry Brooks,1857231325,0,3.97,Orbit,512,1999,8/27/13,to-read,to-read (#93),to-read
Jen,"The Sword of Shannara (The Original Shannara Trilogy, #1)",Terry Brooks,1857231511,0,3.76,Orbit,726,1999,8/27/13,to-read,to-read (#91),to-read
Jen,"The Elfstones of Shannara  (The Original Shannara Trilogy, #2)",Terry Brooks,0736693416,0,3.97,Books on Tape,23,2003,8/27/13,to-read,to-read (#92),to-read
Jen,Forged in Fire (Sarah Beauhall #3),J.A. Pitts,0765324695,0,4.06,Tor Books,432,2012,8/25/13,to-read,to-read (#6),to-read
Jen,Honeyed Words (Sarah Beauhall #2),J.A. Pitts,0765329077,0,3.86,Tor Books,416,2011,8/25/13,to-read,to-read (#5),to-read
Jen,"Foundation (Valdemar: Collegium Chronicles, #1)",Mercedes Lackey,1423307941,5,4,Brilliance Audio,340,2008,8/10/13,,,read
Jen,"King's Dragon (Crown of Stars, #1)",Kate Elliott,0886777712,0,3.79,DAW Books,636,1998,8/10/13,to-read,to-read (#90),to-read
Jen,"Linger (The Wolves of Mercy Falls, #2)",Maggie Stiefvater,0545123283,4,3.91,Scholastic Press,362,2010,8/20/13,,,read
Jen,"Forever (The Wolves of Mercy Falls, #3)",Maggie Stiefvater,,4,3.91,Scholastic Press,390,2011,8/20/13,,,read
Jen,"Feed (Newsflesh Trilogy, #1)",Mira Grant,0316081051,0,3.85,Orbit,599,2010,8/19/13,to-read,to-read (#89),to-read
Jen,Sing the Four Quarters (Quarters #1),Tanya Huff,0886776287,0,3.83,DAW,410,1994,8/10/13,to-read,to-read (#88),to-read
Jen,"Magician: Apprentice (The Riftwar Saga, #1)",Raymond E. Feist,0553564943,0,4.17,Bantam Spectra,485,1994,8/10/13,to-read,to-read (#87),to-read
Jen,"Dragonflight (Dragonriders of Pern, #1)",Anne McCaffrey,0345484266,0,4.1,Del Rey,299,2005,8/10/13,to-read,to-read (#86),to-read
Jen,"The Lion, the Witch and the Wardrobe (Chronicles of Narnia, #1)",C.S. Lewis,,0,4.21,HarperCollins Publishers,206,2005,8/10/13,to-read,to-read (#85),to-read
Jen,"The Phoenix Unchained (Enduring Flame, #1)",Mercedes Lackey,0765315939,0,3.85,Tor Books,398,2007,8/10/13,to-read,to-read (#84),to-read
Jen,"Aerie (Dragon Jousters, #4)",Mercedes Lackey,075640391X,0,3.95,DAW Books ,291,2006,8/10/13,to-read,to-read (#83),to-read
Jen,"Sanctuary (Dragon Jousters, #3)",Mercedes Lackey,0756403413,0,4,DAW,448,2006,8/10/13,to-read,to-read (#82),to-read
Jen,"Alta (Dragon Jousters, #2)",Mercedes Lackey,0756402573,0,4.03,Daw Books ,434,2005,8/10/13,to-read,to-read (#81),to-read
Jen,"Oathblood (Valdemar: Vows and Honor, #3)",Mercedes Lackey,0886777739,0,4.05,DAW,394,1998,8/10/13,to-read,to-read (#80),to-read
Jen,"The Outstretched Shadow (Obsidian Mountain, #1)",Mercedes Lackey,0765302195,0,4.01,Tor Books,604,2003,8/10/13,to-read,to-read (#79),to-read
Jen,"The Lark and the Wren (Bardic Voices, #1)",Mercedes Lackey,1555940005,0,4.03,Baen Books,488,1993,8/10/13,to-read,to-read (#78),to-read
Jen,"The Oathbound (Valdemar: Vows and Honor, #1)",Mercedes Lackey,0886774144,0,4.09,DAW,302,1988,8/10/13,to-read,to-read (#77),to-read
Jen,Take a Thief (Valdemar #25),Mercedes Lackey,0756400589,0,4.12,DAW,435,2002,8/10/13,to-read,to-read (#76),to-read
Jen,"Oathbreakers (Valdemar: Vows and Honor, #2)",Mercedes Lackey,0886774543,0,4.18,DAW,279,1989,8/10/13,to-read,to-read (#75),to-read
Jen,"Exile's Honor (Heralds of Valdemar, #6)",Mercedes Lackey,0756401135,0,4.19,Daw Books,431,2003,8/10/13,to-read,to-read (#74),to-read
Jen,"Exile's Valor (Heralds of Valdemar, #7)",Mercedes Lackey,0756402212,0,4.19,DAW,438,2004,8/10/13,to-read,to-read (#73),to-read
Jen,"The Free Bards (Bardic Voices, #1-3)",Mercedes Lackey,067187778X,0,4.18,Baen,712,1997,8/10/13,to-read,to-read (#72),to-read
Jen,By the Sword (Valdemar),Mercedes Lackey,0886774632,0,4.25,DAW,492,1991,8/10/13,to-read,to-read (#71),to-read
Jen,"The Ruins of Ambrai (Exiles, #1)",Melanie Rawn,0330344196,0,4.06,Pan Books,928,1997,8/10/13,to-read,to-read (#70),to-read
Jen,"Clockwork Prince (The Infernal Devices, #2)",Cassandra Clare,1416975888,0,4.45,"Simon & Schuster, Margaret K. McElderry ",502,2011,8/10/13,to-read,to-read (#68),to-read
Jen,"Clockwork Princess (The Infernal Devices, #3)",Cassandra Clare,141697590X,0,4.58,Simon & Schuster Margaret K. McElderry,571,2013,8/10/13,to-read,to-read (#69),to-read
Jen,"Clockwork Angel (The Infernal Devices, #1)",Cassandra Clare,1416975861,0,4.33,"Simon & Schuster, Margaret K. McElderry ",481,2010,8/10/13,to-read,to-read (#67),to-read
Jen,"City of Lost Souls (The Mortal Instruments, #5)",Cassandra Clare,1442416866,0,4.29,Margaret K. McElderry Books,546,2012,8/10/13,to-read,to-read (#66),to-read
Jen,"City of Fallen Angels (The Mortal Instruments, #4)",Cassandra Clare,1442403543,0,4.14,"Simon & Schuster Children's, Margaret K. McElderry Books",425,2011,8/10/13,to-read,to-read (#65),to-read
Jen,"City of Glass (The Mortal Instruments, #3)",Cassandra Clare,1416914307,0,4.33,Margaret K. McElderry Books,541,2009,8/10/13,to-read,to-read (#64),to-read
Jen,"City of Ashes (The Mortal Instruments, #2)",Cassandra Clare,1416914293,0,4.19,Margaret K. McElderry Books,453,2008,8/10/13,to-read,to-read (#63),to-read
Jen,"City of Bones (The Mortal Instruments, #1)",Cassandra Clare,1416914285,4,4.11,Margaret K. McElderry Books,485,2007,12/30/12,,,read
Jen,"Speaker for the Dead (Ender's Saga, #2)",Orson Scott Card,0812550757,4,4.06,Tor Books,382,1994,8/7/13,,,read
Jen,"Ender's Game (Ender's Saga, #1)",Orson Scott Card,0812550706,5,4.3,Macmillan Audio,324,2004,8/7/13,,,read
Jen,Part of the Pride: My Life Among the Big Cats of Africa,Kevin Richardson,0312556748,4,4.23,St. Martin's Press,243,2009,8/3/13,,,read
Jen,"The Thousand Names (The Shadow Campaigns, #1)",Django Wexler,0451465105,0,4.04,Roc,513,2013,8/1/13,to-read,to-read (#62),to-read
Jen,"Shadowfell (Shadowfell, #1)",Juliet Marillier,0375869549,0,3.92,Knopf Books for Young Readers,410,2012,8/1/13,to-read,to-read (#61),to-read
Jen,"Harry Potter and the Deathly Hallows (Harry Potter, #7)",J.K. Rowling,0545010225,5,4.61,Arthur A. Levine Books / Scholastic Inc.,759,2007,6/8/13,,,read
Jen,"The White Gryphon (Valdemar: Mage Wars, #2)",Mercedes Lackey,0886776821,4,3.91,DAW,399,1996,7/19/13,,,read
Jen,"Divergent (Divergent, #1)",Veronica Roth,0062024035,4,4.21,Katherine Tegen Books,487,2012,7/19/13,,,read
Jen,"Prince of Thorns (The Broken Empire, #1)",Mark  Lawrence,0007423292,4,3.86,Voyager,384,2011,7/13/13,,,read
Jen,"King of Thorns (The Broken Empire, #2)",Mark  Lawrence,1937007472,0,4.2,Ace Books,449,2012,7/29/13,to-read,to-read (#3),to-read
Jen,"The Enchantments of Flesh and Spirit (Wraeththu, #1)",Storm Constantine,0812505549,0,3.88,Tom Doherty Assoc Llc,320,1989,7/28/13,to-read,to-read (#60),to-read
Jen,"The Curse of Chalion (World of the Five Gods, #1)",Lois McMaster Bujold,0380818604,0,4.15,HarperTorch,502,2002,7/25/13,to-read,to-read (#59),to-read
Jen,"Song in the Silence (The Tale of Lanen Kaelar, #1)",Elizabeth Kerner,0812550447,0,3.95,Tor Fantasy,401,1998,7/24/13,to-read,to-read (#58),to-read
Jen,"Mélusine (Doctrine of Labyrinths, #1)",Sarah Monette,0441014178,0,3.63,Ace,477,2006,7/24/13,to-read,to-read (#57),to-read
Jen,Winter's Tale,Mark Helprin,0156031191,0,3.5,Mariner Books,748,2005,7/21/13,to-read,to-read (#55),to-read
Jen,"Revenge of the Witch (The Last Apprentice / Wardstone Chronicles, #1)",Joseph Delaney,0060766204,0,3.99,Harper Trophy,344,2006,7/21/13,to-read,to-read (#56),to-read
Jen,"The Moon Dwellers (The Dwellers, #1)",David Estes,,0,3.81,David Estes,369,2012,7/19/13,to-read,to-read (#54),to-read
Jen,"Life As We Knew It (Last Survivors, #1)",Susan Beth Pfeffer,0152061548,0,3.89,HMH Books for Young Readers,337,2006,7/19/13,to-read,to-read (#53),to-read
Jen,"Partials (Partials Sequence, #1)",Dan Wells,0062071041,0,3.94,Balzer + Bray,468,2012,7/19/13,to-read,to-read (#52),to-read
Jen,"Uglies (Uglies, #1)",Scott Westerfeld,0689865384,0,3.86,Simon Pulse,425,2005,7/19/13,to-read,to-read (#51),to-read
Jen,"Cinder (The Lunar Chronicles, #1)",Marissa Meyer,0312641893,0,4.15,Feiwel and Friends,390,2012,7/19/13,to-read,to-read (#50),to-read
Jen,"Matched (Matched, #1)",Ally Condie,0525423648,0,3.67,Dutton Books for Young Readers,369,2010,7/19/13,to-read,to-read (#49),to-read
Jen,"Unwind (Unwind, #1)",Neal Shusterman,1416912045,0,4.18,Simon & Schuster Books for Young Readers,337,2007,7/19/13,to-read,to-read (#48),to-read
Jen,Horns,Joe Hill,0061147958,0,3.92,William Morrow,370,2010,7/19/13,to-read,to-read (#2),to-read
Jen,"Storm Front (The Dresden Files, #1)",Jim Butcher,0451457811,0,4.01,Penguin ROC,322,2000,7/19/13,to-read,to-read (#1),to-read
Jen,"Twelve (The Danilov Quintet, #1)",Jasper Kent,0593060644,0,3.51,Bantam,480,2009,7/19/13,to-read,to-read (#47),to-read
Jen,"The Lies of Locke Lamora (Gentleman Bastard, #1)",Scott Lynch,0553804677,0,4.3,Bantam Spectra,499,2006,7/19/13,to-read,to-read (#46),to-read
Jen,"The Black Prism (Lightbringer, #1)",Brent Weeks,0316075558,0,4.24,Orbit,629,2010,7/19/13,to-read,to-read (#45),to-read
Jen,"The Last Herald-Mage (Valdemar: The Last Herald-Mage, #1-3)",Mercedes Lackey,0739422952,5,4.48,SFBC,900,1990,7/19/13,,,read
Jen,"Owlknight (Owl Mage Trilogy, #3)",Mercedes Lackey,0886779162,5,3.98,DAW,450,2000,7/19/13,,,read
Jen,"Owlsight (Owl Mage Trilogy, #2)",Mercedes Lackey,0886778034,5,4,DAW,450,1999,7/19/13,,,read
Jen,"Owlflight (Owl Mage Trilogy, #1)",Mercedes Lackey,0886778042,5,3.98,DAW,342,1998,7/19/13,,,read
Jen,"The Silver Gryphon (Valdemar: Mage Wars, #3)",Mercedes Lackey,0886776856,3,3.82,Penguin Putnam Inc USA,400,1997,7/19/13,,,read
Jen,"Brightly Burning (Valdemar, #8)",Mercedes Lackey,0575072962,5,4.08,Gollancz,,2002,7/19/13,,,read
Jen,"Storm Breaking (Valdemar: Mage Storms, #3)",Mercedes Lackey,0886777550,4,4.05,Daw Books,463,1997,7/19/13,,,read
Jen,"Storm Rising (Valdemar: Mage Storms, #2)",Mercedes Lackey,0886777127,4,4.01,DAW,412,1996,7/19/13,,,read
Jen,Storm Warning (Valdemar: Mage Storms #1),Mercedes Lackey,0886776619,4,4.03,Daw Books,428,1995,7/19/13,,,read
Jen,Winds of Fury (Valdemar: Mage Winds #3),Mercedes Lackey,0886776120,4,4.05,DAW,423,1994,7/19/13,,,read
Jen,The Black Gryphon (Valdemar: Mage Wars #1),Mercedes Lackey,0886776430,4,4.05,DAW,460,1995,7/19/13,,,read
Jen,The End of Days Armageddon and Prophecies of the Return,Zecharia Sitchin,0061631280,0,4.07,HarperCollins,317,2008,7/19/13,to-read,to-read (#44),to-read
Jen,"The 12th Planet (Earth Chronicles, #1)",Zecharia Sitchin,038039362X,0,3.98,Avon Books (NYC),438,2007,7/19/13,to-read,to-read (#43),to-read
Jen,"The Witching Hour (Lives of the Mayfair Witches, #1)",Anne Rice,0099471426,0,4.11,Arrow,1207,2004,7/19/13,to-read,to-read (#42),to-read
Jen,"Book of Shadows (Sweep, #1)",Cate Tiernan,0142409863,0,4.04,Speak,176,2007,7/19/13,to-read,to-read (#41),to-read
Jen,"The Warrior Heir (The Heir Chronicles, #1)",Cinda Williams Chima,0786839171,0,3.94,Hyperion Paperbacks,426,2007,7/19/13,to-read,to-read (#40),to-read
Jen,"Furies of Calderon (Codex Alera, #1)",Jim Butcher,044101268X,0,4.12,Ace,504,2005,7/19/13,to-read,to-read (#39),to-read
Jen,"Fablehaven (Fablehaven, #1)",Brandon Mull,1590385810,0,4.09,Shadow Mountain,351,2006,7/19/13,to-read,to-read (#38),to-read
Jen,"The Innocent Mage (Kingmaker, Kingbreaker, #1)",Karen Miller,1841496049,0,3.66,Orbit,642,2007,7/19/13,to-read,to-read (#37),to-read
Jen,"The Summoner (Chronicles of the Necromancer, #1)",Gail Z. Martin,1844164683,0,3.72,Solaris,637,2007,7/19/13,to-read,to-read (#36),to-read
Jen,"Grave Witch (Alex Craft, #1)",Kalayna Price,0451463803,0,3.96,Roc,325,2010,7/19/13,to-read,to-read (#35),to-read
Jen,"The Dragonbone Chair (Memory, Sorrow, and Thorn, #1)",Tad Williams,0756402697,0,3.95,DAW,672,2005,7/19/13,to-read,to-read (#34),to-read
Jen,"Shadowmarch (Shadowmarch, #1)",Tad Williams,0756403596,0,3.73,DAW,796,2006,7/19/13,to-read,to-read (#33),to-read
Jen,"The Way of Kings (The Stormlight Archive, #1)",Brandon Sanderson,0765326353,0,4.65,Tor Books,1007,2010,7/19/13,to-read,to-read (#32),to-read
Jen,"The Black Company (The Chronicles of the Black Company, #1)",Glen Cook,,0,3.94,Tor Fantasy,319,1992,7/19/13,to-read,to-read (#31),to-read
Jen,"The Blade Itself (The First Law, #1)",Joe Abercrombie,0575079797,0,4.16,Gollancz,515,2007,7/19/13,to-read,to-read (#29),to-read
Jen,"Assassin's Apprentice (Farseer Trilogy, #1)",Robin Hobb,0006480098,0,4.15,Voyager,460,1996,7/19/13,to-read,to-read (#28),to-read
Jen,"Gardens of the Moon (Malazan Book of the Fallen, #1)",Steven Erikson,0765348780,0,3.88,Tor Books,666,2005,7/19/13,to-read,to-read (#27),to-read
Jen,"Banewreaker (The Sundering, #1)",Jacqueline Carey,0765344297,0,3.44,Tor,502,2005,7/19/13,to-read,to-read (#30),to-read
Jen,The Kite Runner,Khaled Hosseini,1594480001,0,4.29,Riverhead Books,371,2004,7/19/13,to-read,to-read (#26),to-read
Jen,Flowers for Algernon,Daniel Keyes,0156030306,0,4.12,Harvest Books,311,2005,7/19/13,to-read,to-read (#25),to-read
Jen,"His Majesty's Dragon (Temeraire, #1)",Naomi Novik,0345481283,0,4.06,Del Rey,356,2006,7/19/13,to-read,to-read (#24),to-read
Jen,"The Shadow of the Torturer (The Book of the New Sun, #1)",Gene Wolfe,0671540661,0,3.79,Pocket Books,262,1984,7/19/13,to-read,to-read (#23),to-read
Jen,"In the Garden of Iden (The Company, #1)",Kage Baker,0765314576,0,3.78,Tor Books,336,2005,7/19/13,to-read,to-read (#21),to-read
Jen,Night Watch (Watch #1),Sergei Lukyanenko,1401359795,0,3.98,Miramax Books,455,2006,7/19/13,to-read,to-read (#20),to-read
Jen,"Wild Seed (Patternmaster, #1)",Octavia E. Butler,0446676977,0,4.21,Warner Books,306,2001,7/19/13,to-read,to-read (#22),to-read
Jen,"Rosemary and Rue (October Daye, #1)",Seanan McGuire,0756405718,0,3.75,DAW BOOKS Inc,346,2009,7/19/13,to-read,to-read (#19),to-read
Jen,"The Color of Magic (Discworld, #1; Rincewind, #1)",Terry Pratchett,0060855924,0,3.99,Harper,228,2005,7/19/13,to-read,to-read (#18),to-read
Jen,"Shards of Honour  (Vorkosigan Saga, #1)",Lois McMaster Bujold,0743468422,0,4.11,Earthlight,253,2003,7/19/13,to-read,to-read (#17),to-read
Jen,"The Devil You Know (Felix Castor, #1)",Mike Carey,0446580309,0,3.8,Grand Central Publishing,406,2007,7/19/13,to-read,to-read (#16),to-read
Jen,"The Andromeda Strain (Andromeda, #1)",Michael Crichton,0060541814,0,3.89,Avon Books,327,2003,7/17/13,to-read,to-read (#15),to-read
Jen,"Luck in the Shadows (Nightrunner, #1)",Lynn Flewelling,0553575422,0,4.08,Bantam Spectra,479,1996,6/22/13,to-read,to-read (#14),to-read
Jen,"The Pedlar and the Bandit King (Scarlet and the White Wolf, #1)",Kirby Crow,193338980X,0,3.77,Torquere Press,221,2006,6/22/13,to-read,to-read (#13),to-read
Jen,"Harry Potter and the Order of the Phoenix (Harry Potter, #5)",J.K. Rowling,0439358078,4,4.49,Scholastic Inc.,870,2004,6/8/13,,,read
Jen,"Harry Potter and the Goblet of Fire (Harry Potter, #4)",J.K. Rowling,,4,4.55,Scholastic,734,2002,6/8/13,,,read
Jen,"Harry Potter and the Prisoner of Azkaban (Harry Potter, #3)",J.K. Rowling,043965548X,5,4.56,Scholastic Inc.,435,2004,6/8/13,,,read
Jen,"Harry Potter and the Chamber of Secrets (Harry Potter, #2)",J.K. Rowling,0439064864,5,4.41,Arthur A. Levine Books / Scholastic Inc.,341,1999,6/8/13,,,read
Jen,The Song of Achilles,Madeline Miller,1408816032,0,4.33,Bloomsbury Publishing,352,2011,6/8/13,to-read,to-read (#12),to-read
Jen,Merlin's Shadow (The Merlin Spiral #2),Robert Treskillard,0310735084,0,4.26,Blink YA Books (HarperCollins),437,2013,5/12/13,to-read,to-read (#11),to-read
Jen,"Merlin's Blade (The Merlin Spiral, #1)",Robert Treskillard,0310735076,0,3.91,Blink YA Books (HarperCollins),432,2013,5/12/13,to-read,to-read (#10),to-read
Jen,"The Highlander Series 3-Book Bundle (McCabe Trilogy, #1-3)",Maya Banks,0345542673,4,4.41,Ballantine Books,1056,2012,4/14/13,,,read
Jen,"The Capture (Guardians of Ga'Hoole, #1)",Kathryn Lasky,0439405572,4,3.9,Scholastic Paperbacks,222,2003,12/30/12,,,read
Jen,"The Hitchhiker's Guide to the Galaxy (Hitchhiker's Guide to the Galaxy, #1)",Douglas Adams,,0,4.22,Del Rey Books,216,2005,12/30/12,to-read,to-read (#9),to-read
Jen,"Shiver (The Wolves of Mercy Falls, #1)",Maggie Stiefvater,0545123267,4,3.77,Scholastic Press,392,2009,12/30/12,,,read
Jen,"The Amulet of Samarkand (Bartimaeus, #1)",Jonathan Stroud,078681859X,0,4.01,Hyperion/Miramax,462,2003,12/30/12,to-read,to-read (#8),to-read
Jen,The Hobbit or There and Back Again,J.R.R. Tolkien,0618260307,4,4.27,Houghton Mifflin,366,2002,12/30/12,,,read
Jen,"Mockingjay (The Hunger Games, #3)",Suzanne Collins,0439023513,4,4.03,Scholastic Press,390,2010,12/30/12,,,read
Jen,"Catching Fire (The Hunger Games, #2)",Suzanne Collins,0439023491,5,4.29,Scholastic Press,391,2009,12/30/12,,,read
Jen,"The Hunger Games (The Hunger Games, #1)",Suzanne Collins,0439023483,4,4.33,Scholastic Press,374,2008,12/30/12,,,read
Jen,X-Men: Second Coming,Mike Carey,0785146784,5,4.12,Marvel Comics,392,2010,12/30/12,,,read
Jen,"The Treason of Isengard: The History of The Lord of the Rings, Part Two (The History of Middle-Earth, #7)",J.R.R. Tolkien,0395515629,0,4.17,Houghton Mifflin Harcourt,512,1989,12/30/12,to-read,to-read (#7),to-read
Jen,The Hobbit: Graphic Novel,Chuck Dixon,0345368584,5,4.48,Ballantine Books,133,1990,12/30/12,,,read
Jen,"The Fellowship of the Ring (The Lord of the Rings, #1)",J.R.R. Tolkien,0618346252,5,4.36,Houghton Mifflin Harcourt,398,2003,12/30/12,,,read
Jen,Dragon Rider,Cornelia Funke,190444248X,3,3.97,Chicken House,527,2005,12/30/12,,,read
Jen,"Eragon (The Inheritance Cycle, #1)",Christopher Paolini,0375826696,4,3.89,Alfred A. Knopf,503,2005,12/30/12,,,read
Jen,"Harry Potter and the Sorcerer's Stone (Harry Potter, #1)",J.K. Rowling,,4,4.47,Scholastic Inc,322,1997,12/30/12,,,read
Jen,"Icefire (The Last Dragon Chronicles, #2)",Chris d'Lacey,0439672465,3,3.91,Scholastic Inc.,421,2007,12/30/12,,,read
Jen,Magic's Promise (Valdemar: Last Herald-Mage #2),Mercedes Lackey,0886774012,4,4.21,DAW Books Inc,320,1990,12/30/12,,,read
Jen,Magic's Pawn (Valdemar: Last Herald-Mage #1),Mercedes Lackey,0886773520,4,4.21,DAW Books Inc,349,1989,12/30/12,,,read
Jen,"Arrows of the Queen (Heralds of Valdemar, #1)",Mercedes Lackey,0886773784,4,4.15,Daw Books,320,1987,12/30/12,,,read
Jen,"Arrow's Flight (Heralds of Valdemar, #2)",Mercedes Lackey,0886773776,4,4.14,DAW,318,1987,12/30/12,,,read
Jen,"Arrow's Fall (Heralds of Valdemar, #3)",Mercedes Lackey,0886774004,5,4.19,Daw Books,319,1988,12/30/12,,,read
Jen,Magic's Price (Valdemar: Last Herald-Mage #3),Mercedes Lackey,0886774268,5,4.27,DAW Books Inc,351,1990,12/30/12,,,read
Jen,"Winds of Change (Valdemar: Mage Winds, #2)",Mercedes Lackey,0886775639,5,4.04,DAW,475,1993,12/30/12,,,read
Jen,Winds of Fate (Valdemar: Mage Winds #1),Mercedes Lackey,0886775167,4,4.04,DAW,458,1992,12/30/12,,,read
Jen,"The Enchantress (The Secrets of the Immortal Nicholas Flamel, #6)",Michael Scott,0385735359,4,4.24,Delacorte Press,513,2012,12/30/12,,,read
Jen,"The Warlock (The Secrets of the Immortal Nicholas Flamel, #5)",Michael Scott,0385735332,5,4.18,Delacorte Press,385,2011,12/30/12,,,read
Jen,"The Necromancer  (The Secrets of the Immortal Nicholas Flamel, #4)",Michael Scott,0385905165,4,4.13,Delacorte Books for Young Readers,416,2010,12/30/12,,,read
Jen,"The Sorceress (The Secrets of the Immortal Nicholas Flamel, #3)",Michael Scott,0385735294,3,4.11,Delacorte Press,502,2009,12/30/12,,,read
Jen,"The Magician (The Secrets of the Immortal Nicholas Flamel, #2)",Michael Scott,0385733585,4,4.09,Delacorte Press,464,2008,12/30/12,,,read
Jen,"The Alchemyst (The Secrets of the Immortal Nicholas Flamel, #1)",Michael Scott,0385733577,4,3.84,Delacorte Press,375,2007,12/30/12,,,read